Predicted Label,label,flare,timestamp,NOAA,HARP,TOTUSJH,SAVNCPP,ABSNJZH,TOTPOT,TOTUSJZ,TOTBSQ,USFLUX,Cdec,Chis1d,Chis,Edec,Mhis,Xmax1d,Mdec,AREA_ACR,MEANPOT,Mhis1d,SHRGT45,TOTFX,MEANSHR
Negative,Negative,N,2017-08-30T08:58:42.90Z,12673,7115,-0.498769923668488,-0.503428467242794,-0.37475826325675,-0.578207403786848,-0.219828903673273,-0.203943896807225,-0.600897793628566,0,0,0,0,0,0,0,2.48588611298729,0.672913684913143,0,1.54925195975435,0.677596710833746,1.29744565037096
Negative,Negative,N,2017-08-30T09:58:42.90Z,12673,7115,-0.503880347582181,-0.510741438905808,-0.418607314233091,-0.5880742649666,-0.236686315697784,-0.203896071473418,-0.608398032145771,0,0,0,0,0,0,0,2.53564318584813,0.753170639891414,0,1.69720638783275,0.625161765547132,1.21967302333806
Negative,Negative,N,2017-08-30T10:58:42.90Z,12673,7115,-0.488118304498524,-0.504173055749305,-0.449640208326715,-0.571011165436754,-0.257856350118972,-0.208522493848542,-0.613703244144424,0,0,0,0,0,0,0,2.2897171082459,0.739212908590845,0,1.58537845717638,0.61792581168482,1.04779426339821
Negative,Negative,N,2017-08-30T11:58:42.80Z,12673,7115,-0.48133166154114,-0.500172196834014,-0.444952273810115,-0.574907004240557,-0.264886823088554,-0.20342324750051,-0.607500207042762,0,0,0,0,0,0,0,2.31686662129837,0.685708271938665,0,1.58759531042727,0.618680271329232,1.00108575659949
Negative,Negative,N,2017-08-30T12:58:42.80Z,12673,7115,-0.473879915608062,-0.501714265753124,-0.419138512474487,-0.567325354858254,-0.230829460021047,-0.203109115157295,-0.610973393397627,0,0,0,0,0,0,0,2.33865902264855,0.65662966506248,0,1.58307949824952,0.61339905381835,1.18600816682979
Negative,Negative,N,2017-08-30T13:58:42.70Z,12673,7115,-0.486252625836569,-0.506414665102531,-0.450422933022475,-0.574972958851875,-0.263999590876738,-0.205638294425479,-0.606422676418818,0,0,0,0,0,0,0,2.38226875374211,0.664190102850288,0,1.63029026192604,0.628042429643977,1.03089705792898
Negative,Negative,N,2017-08-30T14:58:42.70Z,12673,7115,-0.506658423879459,-0.505605095111398,-0.501519287394177,-0.584034301222267,-0.268081982129842,-0.200805924835051,-0.600343778107619,0,0,0,0,0,0,0,2.44817693256815,0.675821545600762,0,1.68998108834834,0.619400437353443,1.01052255642395
Negative,Negative,N,2017-08-30T15:58:42.70Z,12673,7115,-0.512088934832428,-0.509642006876961,-0.497041679355605,-0.590535064877138,-0.298747647374963,-0.201976589803416,-0.607312017210086,0,0,0,0,0,0,0,2.66682885515183,0.750262779203796,0,1.64654718576595,0.6295170553126,0.895344533270741
Negative,Negative,N,2017-08-30T16:58:42.60Z,12673,7115,-0.519415039123921,-0.505968502085196,-0.488831206746035,-0.589473991196374,-0.301094881960655,-0.188214456204082,-0.601840315605993,0,0,0,0,0,0,0,2.73691752552033,0.782249246767599,0,1.70254325677009,0.617239939280809,0.859194712532363
Negative,Negative,N,2017-08-30T17:58:42.60Z,12673,7115,-0.508175097981454,-0.498991879767831,-0.414189619822895,-0.563375315222114,-0.240122936670136,-0.184770931626223,-0.613847742321699,0,0,0,0,0,0,0,2.34231103225482,0.79969641089331,0,1.74195398123049,0.535175306140936,1.07404419613614
Negative,Negative,N,2017-08-30T19:10:42.60Z,12673,7115,-0.500714377645405,-0.497623526578374,-0.327818285858133,-0.55899428658112,-0.184395769138076,-0.174363810546876,-0.608139274621897,0,0,0,0,0,0,0,2.33762948000869,0.749099634928748,0,1.7738930891786,0.53610123388635,1.30774384933231
Negative,Negative,N,2017-08-30T19:58:42.60Z,12673,7115,-0.516286961110798,-0.503445090413278,-0.364062288295759,-0.572798304434022,-0.204111416579134,-0.17472050643174,-0.602518632792497,0,0,0,0,0,0,0,2.56389702672011,0.745028629966082,0,1.79671846709525,0.54320001326786,1.28895156576192
Negative,Negative,N,2017-08-30T20:58:42.60Z,12673,7115,-0.520643535174978,-0.504754938678043,-0.319391154070685,-0.573454924934095,-0.218295901180704,-0.179571074449819,-0.607281339110215,0,0,0,0,0,0,0,2.60640492283349,0.677566262013333,0,1.74425294015735,0.618817445810034,1.24717026202621
Negative,Negative,N,2017-08-30T21:58:42.60Z,12673,7115,-0.519128855384754,-0.498346526551788,-0.311432612130363,-0.568448841618678,-0.215437665764157,-0.169411358145635,-0.604466776862246,0,0,0,0,0,0,0,2.61573312757524,0.743283913553511,0,1.73267603984711,0.632637774750848,1.22746007153555
Negative,Negative,N,2017-08-30T22:58:42.70Z,12673,7115,-0.524298111495697,-0.500416075296232,-0.229677457054811,-0.566186470134098,-0.209766118081027,-0.169484118341637,-0.609704295339299,0,0,0,0,0,0,0,2.53474077801368,0.73048932652799,0,1.78760473706378,0.614153513462761,1.23109724325115
Negative,Negative,N,2017-08-30T23:58:42.70Z,12673,7115,-0.50946043191799,-0.499828651310666,-0.361839106433197,-0.566832517365742,-0.210804965923976,-0.17368527396086,-0.615489895090168,0,0,0,0,0,0,0,2.50247346583378,0.83575388341978,0,1.69572848566548,0.604311244465209,1.23091531575344
Negative,Negative,N,2017-08-31T00:58:42.70Z,12673,7115,-0.512872699358509,-0.497646122576349,-0.344290192094511,-0.559069941909589,-0.198984562089334,-0.163069323410632,-0.609908025759275,0,0,0,0,0,0,0,2.51642090183861,0.817725147156545,0,1.76691410672208,0.605271465830824,1.25561197356773
Negative,Negative,N,2017-08-31T01:58:42.80Z,12673,7115,-0.521034420282133,-0.502205045072193,-0.413878464187666,-0.572618404891088,-0.220609443403922,-0.161701559081289,-0.611799573201489,0,0,0,0,0,0,0,2.66656959986237,0.807838420818642,0,1.8289859977472,0.605580108412628,1.1894937322973
Negative,Negative,N,2017-08-31T02:58:42.80Z,12673,7115,-0.531019939320517,-0.502556002658572,-0.320953519452348,-0.572576984368649,-0.222524292671196,-0.163044455577637,-0.610345962339133,0,0,0,0,0,0,0,2.59753290768761,0.779922958217504,0,1.86412722705772,0.621458054565475,1.16412449403692
Negative,Negative,N,2017-08-31T03:58:42.80Z,12673,7115,-0.519989400914026,-0.50260169838696,-0.373920789900577,-0.562265122037046,-0.20582972706531,-0.158673917171407,-0.603811290157423,0,0,0,0,0,0,0,2.72317948801852,0.820633007844164,0,1.86141773975107,0.636135724011303,1.27104548962356
Negative,Negative,N,2017-08-31T04:58:42.80Z,12673,7115,-0.51275004918458,-0.505707064949392,-0.333297643175961,-0.560873659381141,-0.196665404472371,-0.172893256940179,-0.603175085231465,0,0,0,0,0,0,0,2.80411948795433,0.74619177424113,0,1.80246586441239,0.615833900852588,1.40069088356066
Negative,Negative,N,2017-08-31T05:58:42.80Z,12673,7115,-0.521948812229227,-0.508019124882291,-0.371653294109981,-0.567967963211331,-0.169913668667985,-0.170486540019386,-0.600117969063721,0,0,0,0,0,0,0,2.79366451983918,0.779341386079981,0,1.91560748588411,0.545017575138489,1.53088481646814
Negative,Negative,N,2017-08-31T08:46:42.80Z,12673,7115,-0.52503600685104,-0.51458880335078,-0.403714780345351,-0.564745580014614,-0.205049187334661,-0.17213250904104,-0.609534155028459,0,0,0,0,0,0,0,2.73002482479587,0.797370122343216,0,2.00699110322665,0.589290638817376,1.32806597776982
Negative,Negative,N,2017-08-31T08:58:42.80Z,12673,7115,-0.525999259436528,-0.514666306184598,-0.409712595650266,-0.554906845781946,-0.213275739172073,-0.175317569025826,-0.606818262183699,0,0,0,0,0,0,0,2.58905974683321,0.808419992956166,0,1.99861632427882,0.669366241985618,1.25191278111427
Negative,Negative,N,2017-08-31T09:58:42.80Z,12673,7115,-0.532419946183897,-0.518095644667037,-0.413578102586935,-0.556482776043358,-0.212848969247401,-0.180028381163055,-0.612261031248277,0,0,0,0,0,0,0,2.53347690847758,0.770617804017125,0,2.03687756927579,0.627699493441972,1.2540959110868
Negative,Negative,N,2017-08-31T10:58:42.70Z,12673,7115,-0.526319346475805,-0.517859897885619,-0.391609682356536,-0.571074707700421,-0.218599132442971,-0.185695331315815,-0.615533412354054,0,0,0,0,0,0,0,2.48738929509826,0.641508789486863,0,1.95280135709361,0.610038279038698,1.23102144012711
Negative,Negative,N,2017-08-31T11:58:42.70Z,12673,7115,-0.518650220559667,-0.516994989287981,-0.430389758918862,-0.567292300562776,-0.203353338423468,-0.189545689619725,-0.613701801301415,0,0,0,0,0,0,0,2.5102237032849,0.720602600190087,0,1.91618222561583,0.598687090752321,1.33431491166847
Negative,Negative,N,2017-08-31T12:58:42.70Z,12673,7115,-0.512758026431665,-0.514980419341157,-0.46282490438728,-0.560088414557361,-0.222333369283843,-0.193771545498945,-0.606556291578416,0,0,0,0,0,0,0,2.47405260472725,0.693268709726473,0,1.86675460868841,0.588227536591159,1.23829027060384
Negative,Negative,N,2017-08-31T13:58:42.60Z,12673,7115,-0.521385419153864,-0.518174154965733,-0.441214648486039,-0.570966716648115,-0.220963213209899,-0.19584743980586,-0.60820178246372,0,0,0,0,0,0,0,2.49406262596242,0.76189422195427,0,1.91708538805138,0.585518340595317,1.26038757038265
Negative,Negative,N,2017-08-31T14:58:42.60Z,12673,7115,-0.527197840811018,-0.519858636241505,-0.415558216565857,-0.567487649395988,-0.222271599952641,-0.197630215423588,-0.606876466174541,0,0,0,0,0,0,0,2.50030469562392,0.806675276543595,0,1.95608558413198,0.59474332442926,1.26257483507104
Negative,Negative,N,2017-08-31T15:58:42.50Z,12673,7115,-0.527747273703983,-0.51947126599597,-0.367418469507537,-0.559705261893166,-0.207463806645301,-0.195110386728727,-0.612787608074011,0,0,0,0,0,0,0,2.44761853656009,0.800277983030834,0,2.0298164811433,0.581334518930852,1.31386598527801
Negative,Negative,N,2017-08-31T16:58:42.50Z,12673,7115,-0.53799703905205,-0.514406812016773,-0.370990830827702,-0.567330846798651,-0.196081403522821,-0.180952211104452,-0.609884277254334,0,0,0,0,0,0,0,2.58257836459682,0.825285584944353,0,1.99902685265862,0.534009323054118,1.36163160109752
Negative,Negative,N,2017-08-31T17:58:42.50Z,12673,7115,-0.533231631074775,-0.506911849019752,-0.40023062769545,-0.553153992917254,-0.186018617930575,-0.172729873266523,-0.602450626682331,0,0,0,0,0,0,0,2.40807711923952,0.85145633113292,0,1.98876364316372,0.485518144090565,1.31843071158422
Negative,Negative,N,2017-08-31T18:58:42.50Z,12673,7115,-0.530571219171998,-0.508425349113398,-0.421564685063476,-0.559410596193884,-0.174596907051876,-0.180696997427552,-0.610001550612783,0,0,0,0,0,0,0,2.47422461064044,0.789809684555407,0,1.91897381859844,0.480065458478681,1.43280935633839
Negative,Negative,N,2017-08-31T19:58:42.50Z,12673,7115,-0.527045275960521,-0.511738973058438,-0.438027743485169,-0.567307698526508,-0.155038490635697,-0.181155209034981,-0.607804365587929,0,0,0,0,0,0,0,2.78924471572183,0.75724164485408,0,1.9693045979614,0.498549719766767,1.66190293606979
Negative,Negative,N,2017-08-31T20:58:42.50Z,12673,7115,-0.53497266525103,-0.509480380725842,-0.42622954938984,-0.576910279322075,-0.190527779108351,-0.168697966375907,-0.614279841721403,0,0,0,0,0,0,0,2.98257936215447,0.68338198338857,0,1.92562437835113,0.556848874107672,1.47717623572339
Negative,Negative,N,2017-08-31T21:58:42.50Z,12673,7115,-0.539113853643921,-0.508211190865077,-0.409610389168275,-0.567496066949494,-0.180347070247445,-0.164989911062425,-0.613735503284354,0,0,0,0,0,0,0,2.76976068358354,0.822377724256735,0,1.98055307556781,0.547966826475734,1.4428291510987
Negative,Negative,N,2017-08-31T22:58:42.50Z,12673,7115,-0.531721937063978,-0.504373757145329,-0.431620263880677,-0.559614465233694,-0.208530731456979,-0.161877075040044,-0.617458146830675,0,0,0,0,0,0,0,2.609291630768,0.796788550205692,0,1.95624979548389,0.525024394561578,1.23346505719864
Negative,Negative,N,2017-08-31T23:58:42.60Z,12673,7115,-0.523850388503063,-0.506399840976471,-0.430852360397334,-0.563591297326727,-0.207536806763995,-0.173108923389404,-0.614237716299233,0,0,0,0,0,0,0,2.60162864269314,0.848548470445301,0,1.89926845636824,0.514496253160015,1.27720483801198
Negative,Negative,N,2017-09-01T00:58:42.60Z,12673,7115,-0.531186464353412,-0.510878957861635,-0.344150513395671,-0.570080820468074,-0.181217456278025,-0.170768498346866,-0.620861882587162,0,0,0,0,0,0,0,2.7347412767925,0.860761485333299,0,1.9612582417174,0.514907776602421,1.45041773293504
Negative,Negative,N,2017-09-01T01:58:42.60Z,12673,7115,-0.535055429189535,-0.509715120042382,-0.35538364502487,-0.564913777105112,-0.175388677570016,-0.173591969315228,-0.620283090309415,0,0,0,0,0,0,0,2.59831815207394,0.778759813942457,0,1.98006044151205,0.506883069475497,1.4437057108604
Negative,Negative,N,2017-09-01T02:58:42.70Z,12673,7115,-0.53711355893741,-0.508818476301092,-0.377313799579574,-0.570668304110991,-0.179527222760577,-0.172501404240204,-0.61888484546277,0,0,0,0,0,0,0,2.58593871200245,0.785738679592741,0,2.02308381571465,0.498172489944562,1.41330314516335
Negative,Negative,N,2017-09-01T03:58:42.70Z,12673,7115,-0.542279823580696,-0.512736938981729,-0.385636284624804,-0.573312031830663,-0.195480556392034,-0.180127483834439,-0.622379722173654,0,0,0,0,0,0,0,2.68055941413567,0.760149505541699,0,1.98309835152254,0.516005172448838,1.39563550430608
Negative,Negative,N,2017-09-01T04:58:42.70Z,12673,7115,-0.540123972556032,-0.517122073786145,-0.392683217205025,-0.577053685690964,-0.184041999332098,-0.18510902690824,-0.622722049427835,0,0,0,0,0,0,0,2.86677949714421,0.75724164485408,0,1.93580548217006,0.4941944300013,1.54805491318394
Negative,Negative,N,2017-09-01T05:58:42.70Z,12673,7115,-0.533188753371694,-0.520373378832312,-0.415716054992638,-0.567306364036318,-0.181666687777678,-0.183374378255717,-0.620931658935729,0,0,0,0,0,0,0,2.82977828309244,0.744447057828559,0,2.0298164811433,0.441313667652079,1.53958425863141
Negative,Negative,N,2017-09-01T08:46:42.70Z,12673,7115,-0.543612023843856,-0.524455122784939,-0.392329619006965,-0.5692833599264,-0.185715386668309,-0.184366477436751,-0.617359725853115,0,0,0,0,0,0,0,2.71265222756305,0.785738679592741,0,2.0611808493597,0.425024198056826,1.47859857797823
Negative,Negative,N,2017-09-01T08:58:42.70Z,12673,7115,-0.540132946959002,-0.524924025723803,-0.453984170947866,-0.561961474192253,-0.192380859044423,-0.184769054808638,-0.614141091883321,0,0,0,0,0,0,0,2.72765413460095,0.766546799054459,0,2.05551555771852,0.496629277035538,1.44941988817487
Negative,Negative,N,2017-09-01T09:58:42.60Z,12673,7115,-0.546108902181395,-0.53038887503017,-0.461917741390904,-0.578287421871708,-0.221412444709553,-0.191994165731774,-0.620108656018811,0,0,0,0,0,0,0,2.79804194568806,0.775851953254839,0,2.10174105328352,0.450538651486022,1.34081881971164
Negative,Negative,N,2017-09-01T10:58:42.60Z,12673,7115,-0.540860870755489,-0.5293473722318,-0.440227196436942,-0.568583214515511,-0.186243233680402,-0.192770564948984,-0.619384034594582,0,0,0,0,0,0,0,2.65774744150293,0.75724164485408,0,2.08113252861777,0.458597652233147,1.49463024959471
Negative,Negative,N,2017-09-01T11:58:42.60Z,12673,7115,-0.53660600659164,-0.528535643387357,-0.460468361554808,-0.566492171040722,-0.181307302577955,-0.193203104373024,-0.622998506045312,0,0,0,0,0,0,0,2.71297878951419,0.74153919714094,0,2.03137648898652,0.449509842880006,1.54535080901341
Negative,Negative,N,2017-09-01T12:58:42.50Z,12673,7115,-0.545141660972364,-0.530728174808676,-0.416145825239968,-0.575663711504888,-0.182941382157946,-0.19745738063281,-0.622824700222244,0,0,0,0,0,0,0,2.64749190053351,0.767709943329507,0,2.0652040274817,0.447863749110381,1.5320342674764
Negative,Negative,N,2017-09-01T13:58:42.50Z,12673,7115,-0.531631195878389,-0.528527799553665,-0.448386887680331,-0.563199470476296,-0.185176308868724,-0.193519113533823,-0.620312348599119,0,0,0,0,0,0,0,2.61392581906702,0.738631336453322,0,2.07587776535639,0.456608622261517,1.48762190621698
Negative,Negative,N,2017-09-01T14:58:42.50Z,12673,7115,-0.540024256967472,-0.529100183527841,-0.442434883395613,-0.565208904743307,-0.191830550457347,-0.190340119691587,-0.623082441010679,0,0,0,0,0,0,0,2.62837680861483,0.671750540638096,0,2.13671807124212,0.441622310233884,1.44158046690986
Negative,Negative,N,2017-09-01T15:58:42.40Z,12673,7115,-0.537914275113546,-0.529224893287364,-0.429415705844627,-0.563644728260876,-0.160580884262676,-0.184899560659964,-0.614155187982409,0,0,0,0,0,0,0,2.83589571078785,0.688616132626283,0,2.07357880642953,0.399441157387229,1.66895951779919
Negative,Negative,N,2017-09-01T16:58:42.40Z,12673,7115,-0.529387595135792,-0.52364641633513,-0.459555809026644,-0.562674245933402,-0.15556633764779,-0.182603844093458,-0.611654974666832,0,0,0,0,0,0,0,2.67202891797686,0.754915356303985,0,2.0316228060144,0.362301166710053,1.61883849217976
Negative,Negative,N,2017-09-01T17:58:42.40Z,12673,7115,-0.535604862082499,-0.524690725642803,-0.497075738202321,-0.559221714505439,-0.176977834000041,-0.179379404453996,-0.609906281844122,0,0,0,0,0,0,0,2.55760260743286,0.711879018127231,0,2.07669882211598,0.359386208993008,1.44599358696798
Negative,Negative,N,2017-09-01T18:58:42.40Z,12673,7115,-0.54172839637596,-0.524691085451688,-0.473998796079575,-0.565321258552003,-0.162125117542736,-0.187597150791762,-0.608570432965498,0,0,0,0,0,0,0,2.66355326428313,0.653140232237337,0,2.02053853975991,0.345325824710789,1.60479424065191
Negative,Negative,N,2017-09-01T19:58:42.40Z,12673,7115,-0.531156549676844,-0.525494826538885,-0.428493092857125,-0.548464697042348,-0.153106795187185,-0.185370842961285,-0.610224144930068,0,0,0,0,0,0,0,2.73675798380375,0.654303376512385,0,2.0410649587497,0.344399896965375,1.67300740462326
Negative,Negative,N,2017-09-01T20:58:42.40Z,12673,7115,-0.528428331173846,-0.521945096003542,-0.459930561136971,-0.558318264646744,-0.161383885568307,-0.182396321691966,-0.610707243976787,0,0,0,0,0,0,0,2.65355448576385,0.503094620756222,0,2.02127749084355,0.381231245060747,1.57901980023755
Negative,Negative,N,2017-09-01T21:58:42.40Z,12673,7115,-0.534284627689967,-0.522132700356154,-0.521643152346861,-0.558044591504683,-0.165629123240036,-0.18641277835211,-0.609446228800674,0,0,0,0,0,0,0,2.53452888667134,0.643835078036958,0,2.0316228060144,0.370634516418782,1.52884088859612
Negative,Negative,N,2017-09-01T22:58:42.40Z,12673,7115,-0.53057520779554,-0.523918287928597,-0.461021701789301,-0.55595262415207,-0.184457538469278,-0.186072236504313,-0.612962858385291,0,0,0,0,0,0,0,2.50781811333948,0.574627993671637,0,2.04418497443615,0.357157123679973,1.41803877305832
Negative,Negative,N,2017-09-01T23:58:42.40Z,12673,7115,-0.530850422819965,-0.524110353911382,-0.434478946395656,-0.557184512577166,-0.173468212908996,-0.183932597428722,-0.612525825021866,0,0,0,0,0,0,0,2.63552876462874,0.532173227632407,0,2.02193433625122,0.340401260849993,1.51433217065366
Negative,Negative,N,2017-09-02T00:58:42.50Z,12673,7115,-0.534150011645411,-0.521736910582711,-0.493641109361183,-0.554188120161488,-0.202786183655155,-0.186794911818165,-0.60878252266179,0,0,0,0,0,0,0,2.47434177408856,0.595564590622491,0,2.07185458723439,0.33890262964723,1.31325404733117
Negative,Negative,N,2017-09-02T02:58:42.50Z,12673,7115,-0.523335856066094,-0.515929307332542,-0.474518361914863,-0.541379939949672,-0.192644782550469,-0.184995077269178,-0.603648367352034,0,0,0,0,0,0,0,2.31856673771576,0.434469108528425,0,2.01643325596196,0.337037056708321,1.30285661518925
Negative,Negative,N,2017-09-02T03:58:42.60Z,12673,7115,-0.529233035973524,-0.512518319103235,-0.480769994225151,-0.546982232420788,-0.185339155287349,-0.18307137275961,-0.592377662528436,0,0,0,0,0,0,0,2.3234103245178,0.624061625361152,0,2.03827336576709,0.336947893295799,1.33286224816402
Negative,Negative,N,2017-09-02T04:58:42.60Z,12673,7115,-0.522750525561248,-0.512066543067294,-0.466521539327924,-0.529658394038415,-0.162905657273385,-0.186817969862775,-0.595490383266322,0,0,0,0,0,0,0,2.30638173911136,0.497278899380985,0,1.99245839858188,0.323971187411918,1.45339059363628
Negative,Negative,N,2017-09-02T05:58:42.60Z,12673,7115,-0.513664441131674,-0.513530101687709,-0.429323964036858,-0.533350363802408,-0.122935284591683,-0.196176352087553,-0.590104110471898,0,0,0,0,0,0,0,2.46136654541919,0.545549386795452,0,1.85041557917254,0.279530084994049,1.77495433703384
Negative,Negative,N,2017-09-02T10:58:42.50Z,12673,7115,-0.529912099131617,-0.533571168732205,-0.377214542369144,-0.543104819846917,-0.17517529260768,-0.199370595072664,-0.598124525975264,0,0,0,0,0,0,0,2.512913476913,-0.441960102719794,0,2.07054089641904,0.265833213085956,1.53192400838688
Negative,Negative,N,2017-09-02T11:58:42.50Z,12673,7115,-0.536684781906603,-0.533254464951673,-0.354334333127584,-0.536058608990117,-0.185524463280956,-0.199526337417582,-0.589648163855075,0,0,0,0,0,0,0,2.2881540979912,-0.176181635871462,0,2.12588012201551,0.270329106694246,1.38950647716728
Negative,Negative,N,2017-09-02T15:58:42.30Z,12673,7115,-0.459264601792844,-0.49664448660243,-0.317042066757186,-0.446440714968015,-0.296445335939237,-0.164733826005933,-0.554272583383691,0,0,0,0,0,0,0,1.89774803898272,0.339091277974538,0,2.15822975834342,0.205095782348793,0.661862641776378
Negative,Negative,N,2017-09-02T16:58:42.30Z,12673,7115,-0.469905252248067,-0.48211849818464,-0.225023895774282,-0.459224207111314,-0.261203124791393,-0.164417649272135,-0.5449503862197,0,0,0,0,0,0,0,1.6938387681475,0.336764989424443,0,2.10453264626613,0.216738466406874,0.755631106221669
Negative,Negative,N,2017-09-02T17:58:42.30Z,12673,7115,-0.449339909263482,-0.480808937766984,-0.311668404146089,-0.457568977336682,-0.329261696988951,-0.170872125489213,-0.536631512799475,0,0,0,0,0,0,0,1.6230620741262,-0.03602275072825,0,2.19649100334039,0.227023123105014,0.494197157294883
Negative,Negative,N,2017-09-02T18:58:42.20Z,12673,7115,-0.427227977500333,-0.471091291364085,-0.39486849269401,-0.434801496836178,-0.363178675212817,-0.167762205237008,-0.52795086747111,0,0,0,0,0,0,0,1.87003763708287,0.533917944044978,0,2.05214922500419,0.21258893836261,0.389474452305591
Negative,Negative,N,2017-09-02T19:58:42.20Z,12673,7115,-0.401624005825819,-0.459586834038535,-0.322954981965518,-0.382756738708241,-0.35869759100377,-0.149756553564399,-0.517011784565937,0,0,0,0,0,0,0,1.76797580957442,0.556599257408403,0,2.06651771829704,0.211855054890318,0.378591880169778
Negative,Negative,C1.1,2017-09-02T20:58:42.30Z,12673,7115,-0.383687165755672,-0.444029921203592,-0.178163563678754,-0.360951682267525,-0.405103204918013,-0.142009318692161,-0.493903355713482,0,0,0,0,0,0,0,1.47776194858312,0.535662660457549,0,2.10297263842291,0.230829714947273,0.188006287453915
Negative,Negative,C1.1,2017-09-02T21:58:42.30Z,12673,7115,-0.359110264643324,-0.433218671675783,0.094549888689031,-0.336054201443989,-0.340666561686413,-0.143383752426849,-0.476428898124929,0,0,0,0,0,0,0,1.38592076229359,0.611267038335631,0,2.02382276679828,0.222352332033701,-0.267048135627824
Negative,Negative,C1.1,2017-09-02T22:58:42.30Z,12673,7115,-0.329322226872838,-0.42196118716886,-0.117843025651841,-0.318161613607906,-0.273450298550706,-0.13927921939863,-0.476192118867595,0,0,0,0,0,0,0,1.28484086419396,0.76829151546703,0,2.08704413728683,0.216141757415385,-0.454157810546508
Negative,Negative,C1.1,2017-09-02T23:58:42.30Z,12673,7115,-0.309121842942382,-0.41253138787392,-0.126088410450659,-0.304242675619019,-0.252527341454328,-0.134345870319232,-0.46279085315881,0,0,0,0,0,0,0,1.28985795261278,0.519378640606886,0,2.0611808493597,0.197221967150751,-0.510731749380201
Negative,Negative,C1.1,2017-09-03T00:58:42.40Z,12673,7115,-0.286823443028627,-0.401273471596336,0.007497422702713,-0.272539294825992,-0.230599228877474,-0.126217239302133,-0.451922864409786,0,0,0,0,0,0,0,1.30413643767953,0.635111495974103,0,1.96996144336907,0.198213052774546,-0.565990848571345
Negative,Negative,C1.1,2017-09-03T01:58:42.40Z,12673,7115,-0.266438585259335,-0.395754650957227,0.062078558503025,-0.254699829964784,-0.217217745581535,-0.111697038971638,-0.434055557028899,0,0,0,0,0,0,0,1.32610059565897,0.66302695857524,0,1.99245839858188,0.196148576838474,-0.585699660823387
Negative,Negative,C1.1,2017-09-03T02:58:42.40Z,12673,7115,-0.27504204624028,-0.386798576040209,0.042841073913306,-0.231660062138954,-0.137911539711394,-0.101424479010183,-0.417254207914231,0,0,0,0,0,0,0,1.24568508911645,0.774688808979791,0,2.02702488816069,0.17785293046149,-0.762261675590681
Negative,Negative,C1.1,2017-09-03T03:58:42.40Z,12673,7115,-0.261575456005271,-0.364444585521491,0.080266431777025,-0.200678127273311,-0.100569171302667,-0.086012790327025,-0.398651384575016,0,0,0,0,0,0,0,1.10314428741854,0.908450400610243,0,2.04278917794485,0.183545671414779,-0.775178527928173
Negative,Negative,C1.1,2017-09-03T04:58:42.50Z,12673,7115,-0.225530265052654,-0.351740093602862,-0.022233480278297,-0.169736945685012,-0.150922407020118,-0.077379764584077,-0.381295141401012,0,0,0,0,0,0,0,1.12885568146634,0.683963555526093,0,2.05305238743974,0.184300131059191,-0.645468356775977
Negative,Negative,M1.2,2017-09-03T05:58:42.50Z,12673,7115,-0.128906856894038,-0.32096513594082,-0.10473508550649,-0.071368594180265,-0.083767913215613,-0.057803886885191,-0.360866317151302,0,0,0,0,0,0,0,1.10115400450411,0.848548470445301,0,2.00633425781898,0.161618330658559,-0.75862036915922
Negative,Negative,M1.2,2017-09-03T08:46:42.40Z,12673,7115,-0.005284455976956,-0.225002595127872,0.201939752877474,0.163738294652702,0.033537662131499,0.022900609834593,-0.234215662045902,0,0,0,0,0,0,0,0.676099223911728,0.986962639175942,0,2.18392883491864,0.178950326307908,-0.684081089926551
Negative,Negative,M1.2,2017-09-03T08:58:42.40Z,12673,7115,0.047875918596075,-0.207060797041717,0.541191316735744,0.238786430085516,0.045532143172256,0.032280005713398,-0.224784815677456,0,0,0,0,0,0,0,0.614496427878169,0.989288927726037,0,2.16742559405085,0.182640319841485,-0.664023583303896
Negative,Negative,M1.2,2017-09-03T09:58:42.40Z,12673,7115,0.163884037170727,-0.161098306346021,0.711807425130929,0.379779938058313,0.1498830051481,0.094901700152007,-0.169088658731291,0,0,0,0,0,0,0,0.797038825035432,0.971260191462803,0,2.12473064255209,0.133648454023004,-0.805754751691219
Negative,Negative,M1.2,2017-09-03T10:58:42.40Z,12673,7115,0.384229561834985,-0.100868601782589,0.382940590772892,0.584600572027044,0.396904176020261,0.201315581466196,-0.110869721220343,0,0,0,0,0,0,0,0.974796964966516,1.11374536515611,0,2.17448668218334,0.146683459061227,-1.07286015253529
Negative,Negative,M1.2,2017-09-03T11:58:42.30Z,12673,7115,0.553703184683661,-0.014706751263185,0.703813102687903,0.720894108203413,0.665903998012987,0.303473443761414,-0.029303341413967,0,0,0,0,0,0,0,1.07407254596511,1.19807332509705,0,2.13753912800172,0.151806925919186,-1.30460408513106
Negative,Negative,M1.2,2017-09-03T12:58:42.30Z,12673,7115,0.720218246019766,0.061640376416161,0.671311231821765,0.847499245599683,1.21509512173357,0.428881389323277,0.040521988135554,0,0,0,0,0,0,0,1.24337547348491,1.26204626022465,0,2.14837707722832,0.137955732720191,-1.83647050292824
Negative,Negative,M1.2,2017-09-03T13:58:42.20Z,12673,7115,0.878063036930591,0.146361696083787,0.968062145673373,0.957664490384881,1.45054296609589,0.542326633659597,0.09079366409341,0,0,0,0,0,0,0,1.38257537192389,1.28356442931303,0,2.10921266979581,0.146532567132344,-1.98023732975586
Negative,Negative,M1.2,2017-09-03T14:58:42.20Z,12673,7115,1.05418270375678,0.219533150544582,1.45074262424055,1.06071690245687,1.95358678401453,0.672296251389917,0.150776996244259,0,0,0,0,0,0,0,1.64135702190805,1.31845875756445,0,2.01561219920237,0.159975666250953,-2.46782231896242
Negative,Negative,M1.2,2017-09-03T15:58:42.20Z,12673,7115,1.08074394508147,0.295915539494653,1.71266338949359,1.08651721722055,1.9943152348519,0.771632519534357,0.213160656502477,0,0,0,0,0,0,0,1.59764009872366,1.34521107589054,0,2.05469450095892,0.101354151880163,-2.27160248677199
Negative,Negative,M1.2,2017-09-03T16:58:42.10Z,12673,7115,1.11474097784507,0.335832737190785,2.01910318440791,1.1384057886697,2.26752660215388,0.880192340668884,0.26384835164616,0,0,0,0,0,0,0,1.69764034811307,1.34055849879035,0,2.06848825452006,0.101642218289848,-2.41451067093996
Negative,Negative,M1.2,2017-09-03T17:58:42.10Z,12673,7115,1.27958680022868,0.429530568920093,2.32612983945026,1.27592705582096,2.70604393054098,1.04333940125015,0.339356982225578,0,0,0,0,0,0,0,1.9347492530345,1.38185012055454,0,2.0844988613321,0.08504067675077,-2.72259386240485
Negative,Negative,M1.2,2017-09-03T18:58:42.10Z,12673,7115,1.55372689060921,0.519361894371751,3.50344012251749,1.49105611324272,3.36567300305772,1.24419809487903,0.397928577220186,0,0,0,0,0,0,0,2.21346364623486,1.31089831977664,0,2.04163969848142,0.097372662574882,-3.18443611068528
Negative,Negative,M1.2,2017-09-03T19:58:42.10Z,12673,7115,1.65024061162041,0.605568505116442,3.81538921659291,1.5550320862214,3.67138626935965,1.39863705701396,0.478832720053934,0,0,0,0,0,0,0,2.18985147217986,1.42139702590615,0,2.06684614100088,0.067472055122038,-3.1360061838514
Negative,Negative,M1.2,2017-09-03T20:58:42.10Z,12673,7115,1.67848704639176,0.648754926341211,4.01961803823943,1.57173425748137,3.97127075695358,1.62524736363291,0.551208596258842,0.103432529385891,0.055555555555556,0.011494252873563,0.00103660503414,0,0.001182795698925,0,2.47826799602022,1.40104200109282,0,2.07694513914386,0.040637297315121,-3.26549032387007
Positive,Negative,M1.2,2017-09-03T21:58:42.10Z,12673,7115,1.91173576821566,0.750636970967547,5.14347614270672,1.77786936428735,4.4794021216058,1.8658862114044,0.631456424850671,0.095162520952473,0.055555555555556,0.011494252873563,0.000953722671837,0,0.001182795698925,0,2.72726774450609,1.44756777209471,0,2.03367544791338,0.009707538320059,-3.49782000787893
Positive,Negative,M1.2,2017-09-03T22:58:42.20Z,12673,7115,2.2145959424132,0.856656817770785,5.79985224824908,1.98749108334768,5.56833366137299,2.09677499182413,0.696572179912544,0.087553745884369,0.055555555555556,0.011494252873563,0.000877467217329,0,0.001182795698925,0,2.9772496716847,1.48944096599642,0,2.01479114244277,-0.03999043313835,-4.15217186998738
Positive,Negative,M1.2,2017-09-03T23:58:42.20Z,12673,7115,2.50843783878139,0.942726701139195,7.5081421972572,2.14023991009885,6.74664542339005,2.29056009403523,0.763635891491027,0.080553334880788,0.055555555555556,0.011494252873563,0.000807308812324,0,0.001182795698925,0,3.11483944520581,1.50398026943451,0,2.01372376865531,-0.06378334683348,-4.78270225580463
Positive,Negative,M1.2,2017-09-04T00:58:42.20Z,12673,7115,2.63665513401931,0.999254116200066,8.00150143422549,2.24166989005895,6.95154552577592,2.41183300828313,0.802164909828721,0.074112645836835,0.055555555555556,0.011494252873563,0.000742759963659,0,0.001182795698925,0,3.18381381639752,1.51212227935985,0,2.0006689661778,-0.082037840866223,-4.78945838151508
Positive,Negative,M1.2,2017-09-04T01:58:42.30Z,12673,7115,2.57680184914214,1.0421138309573,7.79619620331353,2.21832863010325,7.03007680730916,2.47759837217586,0.84697831561957,0.068186925855581,0.055555555555556,0.011494252873563,0.000683372155975,0,0.001182795698925,0,3.20895908663537,1.51910114501013,0,2.00699110322665,-0.118385648916767,-4.7601763238153
Positive,Negative,M1.2,2017-09-04T02:58:42.30Z,12673,7115,2.52198918726667,1.07530907906483,7.78328677758904,2.21170493937126,6.97219894397251,2.54411982543838,0.905501911817388,0.062735000284171,0.055555555555556,0.011494252873563,0.000628732735218,0,0.001182795698925,0,3.21648247570821,1.53829302554841,0,2.00337845348445,-0.173951601727689,-4.6262349601027
Positive,Negative,M1.2,2017-09-04T03:58:42.30Z,12673,7115,2.35688011572926,1.07744994193028,8.11962949137393,2.10935621424182,7.31332288323466,2.55441249415967,0.926705991903282,0.15930074286663,0.111111111111111,0.022988505747127,0.001689069143382,0,0.001290322580645,0,3.17014557839672,1.54236403051108,0,1.99960159239033,-0.216678023135532,-4.77362655449835
Positive,Negative,M1.2,2017-09-04T04:58:42.30Z,12673,7115,2.44396672499801,1.12668978783541,8.52104331603846,2.14619224961214,7.86118877403126,2.62736573425525,0.991459149165122,0.24467890317383,0.166666666666667,0.03448275862069,0.003163077879731,0,0.001935483870968,0,3.18346481889249,1.57376892593736,0,1.99393630074915,-0.196828875763464,-5.00952312005325
Positive,Negative,M1.5,2017-09-04T08:34:42.30Z,12673,7115,2.72672423654189,1.2619124433588,9.57165169513779,2.32871714536256,9.24664118053871,2.97026667472709,1.11496163598934,0.283694397538829,0.222222222222222,0.045977011494253,0.014282560266923,0.038461538461539,0.012903225806452,0.14250851120954,3.33909527058463,1.59645023930078,0.090909090909091,2.00017633212204,-0.343427243396699,-5.46079152164853
Positive,Negative,M1.5,2017-09-04T08:58:42.30Z,12673,7115,2.74454740084108,1.29373106267252,9.91030292503856,2.40198886904618,9.37892862639928,3.0052224022394,1.13806838344436,0.274393788916097,0.222222222222222,0.045977011494253,0.013814322246272,0.038461538461539,0.012903225806452,0.137836526497587,3.14973171719144,1.63657871678992,0.090909090909091,2.01741852407347,-0.357384746818316,-5.24713972740468
Positive,Negative,M1.5,2017-09-04T09:58:42.30Z,12673,7115,2.92378617127742,1.36902035223012,9.02238504842169,2.43482964609353,9.48039879138359,3.09969335594188,1.19165195334783,0.252454472901233,0.222222222222222,0.045977011494253,0.012709790024572,0.038461538461539,0.012903225806452,0.126815726336012,3.36468177338241,1.66158631870344,0.090909090909091,1.96331088361638,-0.313526635943855,-5.42113546186335
Positive,Negative,M1.5,2017-09-04T10:58:42.20Z,12673,7115,3.1253592392394,1.40217961944916,9.28272937562673,2.54061211713518,9.60933946257174,3.23382213549797,1.22825209623302,0.232269327740969,0.222222222222222,0.045977011494253,0.011693571323219,0.038461538461539,0.012903225806452,0.116676100702609,3.66465260747878,1.6900833534421,0.090909090909091,1.90961377153909,-0.377583689116429,-5.64720242958737
Positive,Negative,M1.5,2017-09-04T11:58:42.20Z,12673,7115,3.25810461935382,1.43150764166127,9.00267133881481,2.58994975925941,9.97016781848746,3.33153395099378,1.24621919010993,0.315279853931196,0.277777777777778,0.057471264367816,0.012979819187097,0.038461538461539,0.012903225806452,0.107347194772164,3.78039763002396,1.65693374160325,0.090909090909091,1.92291489104448,-0.409305287801922,-5.83886167018745
Positive,Negative,M1.5,2017-09-04T12:58:42.20Z,12673,7115,3.50384471295662,1.45734767654269,9.2328013519793,2.66624718281634,10.5006203732787,3.40195817939417,1.24956020579341,0.390391356065594,0.333333333333333,0.068965517241379,0.019528285669452,0.038461538461539,0.012903225806452,0.098764186976255,3.81046127224349,1.66449417939106,0.090909090909091,1.93005808485292,-0.423982957247749,-6.06446003678099
Positive,Negative,M1.5,2017-09-04T13:58:42.10Z,12673,7115,3.65064500527855,1.49564573425656,8.35515502469511,2.70006881015342,10.5534893053942,3.46340049506849,1.2724317813544,0.359177386667717,0.333333333333333,0.068965517241379,0.017966890157465,0.038461538461539,0.012903225806452,0.09086743859291,3.85141363662014,1.68543077634191,0.090909090909091,1.89245368526363,-0.480155907136221,-6.04876603362617
Positive,Negative,M1.5,2017-09-04T14:58:42.10Z,12673,7115,3.73803774140418,1.53869039078066,8.16102858096681,2.76244339490398,10.3445461195115,3.53159600258722,1.34260414672902,0.33045914846479,0.333333333333333,0.068965517241379,0.016530336937634,0.038461538461539,0.012903225806452,0.08360207934908,3.71527469558425,1.6557705973282,0.090909090909091,1.89738002582118,-0.494936457442651,-5.67093294212972
Positive,Negative,M1.0,2017-09-04T15:58:42.00Z,12673,7115,3.68394901470166,1.54814328980601,8.53976145935672,2.74854108671592,10.0119126555928,3.57312729456541,1.38007247967602,0.304037093808192,0.333333333333333,0.068965517241379,0.028918780659601,0.076923076923077,0.016129032258065,0.246209442188231,3.52374735765984,1.6679836122162,0.181818181818182,1.93243914945574,-0.552961262821951,-5.22163128704379
Positive,Negative,M1.0,2017-09-04T16:58:42.00Z,12673,7115,3.87784896812396,1.57066372791491,8.64300842040154,2.86767307904765,10.3001901243144,3.62839622097053,1.39235647323781,0.382444366199793,0.388888888888889,0.080459770114943,0.030443533928299,0.076923076923077,0.016129032258065,0.226523622114285,3.53149260943231,1.67438090572896,0.181818181818182,1.95033818681483,-0.655190544639738,-5.30324093039205
Positive,Negative,M1.0,2017-09-04T17:58:42.00Z,12673,7115,4.22414724700994,1.6359395362044,8.46571078968137,2.93068513949671,11.0728514575378,3.7250322178152,1.39502169383094,0.454297610879809,0.444444444444444,0.091954022988506,0.033608907508921,0.076923076923077,0.016129032258065,0.208411793307851,3.79997639005648,1.67670719427905,0.181818181818182,1.89401369310685,-0.624874984382467,-5.87853289059743
Positive,Negative,M1.5,2017-09-04T19:58:42.00Z,12673,7115,4.18845305492906,1.63605827313643,8.29803946157147,2.85983910836633,10.5251821055223,3.72943268475898,1.4108935246525,0.384554625271226,0.444444444444444,0.091954022988506,0.052788936350202,0.153846153846154,0.018279569892473,0.505559414952728,3.65377136383963,1.65402588091563,0.363636363636364,1.88637786524265,-0.649017693003642,-5.42373206342159
Positive,Negative,M2.1,2017-09-04T20:58:42.00Z,12673,7115,4.01306629767878,1.605968175706,7.7496905323515,2.88163800562155,9.83161359320672,3.75238348265009,1.40065077061599,0.353807335100663,0.388888888888889,0.091954022988506,0.112324251207583,0.230769230769231,0.059139784946237,0.798432991651637,3.73325305277225,1.64704701526534,0.545454545454545,1.89393158743089,-0.78097954353529,-5.13330824338226
Positive,Negative,M2.1,2017-09-04T21:58:42.00Z,12673,7115,4.19553884465212,1.67225288810889,7.07628500345113,2.92239282276163,10.1238162221566,3.8335223285823,1.40763625638125,0.325518462514251,0.388888888888889,0.091954022988506,0.103343299950958,0.230769230769231,0.059139784946237,0.734593814424869,3.87230363013586,1.63483400037735,0.545454545454545,1.85255032674748,-0.81060923138855,-5.32978718443307
Positive,Negative,M4.2,2017-09-04T22:58:42.10Z,12673,7115,4.47040785598502,1.70870008891859,7.20779107617119,3.06454169127978,10.412649614859,3.87189989672644,1.3931844973142,0.299491443294961,0.388888888888889,0.091954022988506,0.113905001737644,0.269230769230769,0.059139784946237,0.84189076374569,3.90423191616801,1.64413915457773,0.636363636363636,1.82709756720014,-0.808963137618924,-5.46324478639039
Positive,Negative,M4.2,2017-09-04T23:58:42.10Z,12673,7115,4.57093313512399,1.73107012691357,8.15611662157889,3.1033532853969,11.3502912163303,3.89200865656094,1.43782950670937,0.275545429632804,0.388888888888889,0.091954022988506,0.104797660647063,0.269230769230769,0.059139784946237,0.774576894912238,3.8793658439342,1.6458838709903,0.636363636363636,1.79589741033566,-0.795348570399313,-5.88358275689754
Positive,Negative,M4.2,2017-09-05T00:58:42.10Z,12673,7115,4.71813228980016,1.73980700625788,8.38471810364461,3.16787126669894,12.3256064944413,3.8827552755771,1.46911206073392,0.354954801922021,0.444444444444444,0.103448275862069,0.105475871924715,0.269230769230769,0.059139784946237,0.712645145864928,3.86613883849333,1.62959985113963,0.636363636363636,1.7823499738024,-0.812255325158175,-6.37191199495837
Positive,Negative,M1.0,2017-09-05T01:58:42.10Z,12673,7115,4.73697753888209,1.77061959992929,8.2255906805109,3.17947260583999,12.6686902061207,3.84411629355511,1.48064997119867,0.326574182954213,0.444444444444444,0.103448275862069,0.134275630030075,0.307692307692308,0.059139784946237,0.819862426766966,3.810279294973,1.67205461717886,0.727272727272727,1.75197087369751,-0.83835277013078,-6.52960867950846
Positive,Negative,M1.0,2017-09-05T02:58:42.20Z,12673,7115,4.65805364769285,1.79662658613333,8.51844586113506,3.16592907020689,12.8918066458175,3.85100354379842,1.51531049381071,0.300462752989159,0.444444444444444,0.103448275862069,0.123539543430004,0.307692307692308,0.059139784946237,0.754309846511389,3.78090616924559,1.67263618931639,0.727272727272727,1.74860454098318,-0.904127933675401,-6.59162114793283
Positive,Negative,M3.8,2017-09-05T05:58:42.20Z,12673,7115,4.90273276743337,1.8715819730457,10.1151380690112,3.21421246508095,13.8365067972271,3.96486604490131,1.60131331808767,0.234000627311747,0.333333333333333,0.103448275862069,0.132500951315402,0.384615384615385,0.059139784946237,0.900351808926617,3.67566597160199,1.70113322405505,0.818181818181818,1.69819165594426,-0.933654740668059,-6.7332544613782
Positive,Negative,M2.3,2017-09-05T08:34:42.20Z,12673,7115,5.14582441500401,1.90958858556275,10.4262308263692,3.36066557772761,14.7866201882075,4.01653215183609,1.64864443392774,0.188416912930596,0.277777777777778,0.103448275862069,0.137511489756216,0.423076923076923,0.059139784946237,0.875193577919069,3.81360723546745,1.6900833534421,0.909090909090909,1.65861672013194,-1.10069896466485,-7.30660172689214
Positive,Positive,X2.2,2017-09-05T08:58:42.20Z,12673,7115,5.19464217569526,1.93355041806475,10.6195787821726,3.52488383439721,14.6121162121669,4.03833004749668,1.65984193544497,0.182239871789589,0.277777777777778,0.103448275862069,0.133003326893479,0.423076923076923,0.059139784946237,0.846501319601776,3.5172485255482,1.69240964199219,0.909090909090909,1.68365895129949,-1.23636452617816,-6.75577901512891
Positive,Positive,X2.2,2017-09-05T09:58:42.20Z,12673,7115,5.18994258000644,1.93101520466141,11.1184652834079,3.40911065122086,14.8484625195286,4.03964381980587,1.67302806125115,0.167668776162775,0.277777777777778,0.103448275862069,0.122368968035464,0.423076923076923,0.059139784946237,0.778818811075967,3.61291622019653,1.69764379122991,0.909090909090909,1.65525038741762,-1.13653579777441,-7.00209782112086
Positive,Positive,X2.2,2017-09-05T10:58:42.10Z,12673,7115,5.31108804570369,1.9721190520601,11.1180131615746,3.53631322960992,14.6422708765812,4.11405628557344,1.69968207690578,0.253474112725374,0.333333333333333,0.114942528735632,0.117465997699199,0.423076923076923,0.059139784946237,0.716547897138693,3.66281787773802,1.70345951260514,0.909090909090909,1.63907556925367,-1.11503369790867,-6.86604913055977
Positive,Positive,X2.2,2017-09-05T11:58:42.10Z,12673,7115,5.4219408683498,1.99190062493677,11.6501964896148,3.51836125696038,15.3701999832265,4.15955905761894,1.70416983361195,0.233207441666104,0.277777777777778,0.114942528735632,0.108073935092009,0.423076923076923,0.059139784946237,0.659255890576841,3.75643895130324,1.69880693550495,0.909090909090909,1.61559334592935,-1.18152902747751,-7.2687525379365
Positive,Positive,X2.2,2017-09-05T12:58:42.00Z,12673,7115,5.37262652402752,2.01019834597191,11.8887671083962,3.54000052865825,15.7744746405525,4.18667236879579,1.74671174549518,0.31572058365323,0.277777777777778,0.126436781609195,0.101460467214658,0.423076923076923,0.059139784946237,0.606544699936702,3.75907886814491,1.71276466680552,0.909090909090909,1.59358902477229,-1.24411488434348,-7.41646112721453
Positive,Positive,X2.2,2017-09-05T13:58:42.00Z,12673,7115,5.35973030695908,2.04045755357827,11.7789000058051,3.56060505719334,15.932244743231,4.20464289716789,1.77698773801651,0.393336457025519,0.333333333333333,0.137931034482759,0.099814452879592,0.423076923076923,0.059139784946237,0.558048063399782,3.65582047776205,1.69531750267981,0.909090909090909,1.60615119319404,-1.27196130394631,-7.30244909393302
Positive,Positive,X2.2,2017-09-05T14:58:42.00Z,12673,7115,5.46861075526347,2.06613423522593,11.7111550883217,3.55821324016032,16.1913109336876,4.22556271031572,1.79701073346762,0.361887010356416,0.333333333333333,0.137931034482759,0.091833729871151,0.423076923076923,0.059139784946237,0.513429003825679,3.57898369134974,1.70345951260514,0.909090909090909,1.59087953746564,-1.36966382789763,-7.26722131483077
Positive,Positive,X2.2,2017-09-05T15:58:41.90Z,12673,7115,5.54774903496811,2.06325720338189,11.7849961650942,3.52913315912175,16.8001993083184,4.25030653929207,1.78310262349758,0.332959829919589,0.333333333333333,0.137931034482759,0.084493066077904,0.423076923076923,0.059139784946237,0.472388422069132,3.68836200226733,1.70811208970533,0.818181818181818,1.54145192053823,-1.53715386895702,-7.67008597612593
Positive,Positive,X2.2,2017-09-05T16:58:41.90Z,12673,7115,5.66447410862451,2.10343346347518,11.9695502015301,3.45188876079531,17.7977066225123,4.18240596025091,1.80760634734775,0.405138989776227,0.333333333333333,0.149425287356322,0.081068010056351,0.423076923076923,0.059139784946237,0.434618329260263,3.81388892631081,1.70462265688019,0.818181818181818,1.49736117254816,-1.45436906979294,-8.45056045426126
Positive,Positive,X2.2,2017-09-05T17:58:41.90Z,12673,7115,5.8474003615258,2.11126218519388,11.5421663191081,3.45636956824129,18.2755036301504,4.27898163081607,1.81017677628109,0.471136207622453,0.333333333333333,0.160919540229885,0.100264631817765,0.461538461538462,0.059139784946237,0.573449643133024,4.02244734248097,1.71509095535562,0.909090909090909,1.46722838947115,-1.36602870415637,-8.85559170666553
Positive,Positive,X2.2,2017-09-05T18:58:41.90Z,12673,7115,5.77407450347831,2.13193752334076,12.7782733997984,3.50931290020607,19.2302160286085,4.45524161368541,1.79443789595713,0.433466236352679,0.333333333333333,0.160919540229885,0.092247914488801,0.461538461538462,0.059139784946237,0.527599141235718,3.9989647960707,1.70462265688019,0.727272727272727,1.48471689845045,-1.36565147433416,-8.9351450179942
Positive,Positive,X2.2,2017-09-05T19:58:41.90Z,12673,7115,5.76580409256315,2.13131937167642,12.7327408387425,3.5553564046226,18.8490824089084,4.49313322013355,1.77386321788289,0.398808189686677,0.333333333333333,0.160919540229885,0.084872178486625,0.461538461538462,0.059139784946237,0.485414643057151,3.9536275273272,1.68659392061696,0.727272727272727,1.47584948544686,-1.50882733867139,-8.61742931682096
Positive,Positive,X2.2,2017-09-05T21:58:41.90Z,12673,7115,5.94261578557395,2.19703198795224,13.1177630013107,3.54851508933652,20.1988995267058,4.64000425050477,1.75821250234115,0.436110935432863,0.388888888888889,0.172413793103448,0.073189260583596,0.461538461538462,0.045161290322581,0.410894624342179,4.18468880405423,1.68950178130457,0.545454545454545,1.45540517213303,-1.50238013807369,-9.36581564342817
Positive,Positive,X2.2,2017-09-05T22:58:41.90Z,12673,7115,5.92492324869577,2.19622817490327,13.0456645398163,3.52455585776972,20.1235409426389,4.7003506387681,1.76590310235896,0.401241430303774,0.388888888888889,0.172413793103448,0.067337370410788,0.461538461538462,0.045161290322581,0.378041304127236,4.21593654495155,1.66740204007867,0.454545454545455,1.45565148916091,-1.53499337088439,-9.27631971870185
Positive,Positive,X2.2,2017-09-05T23:58:42.00Z,12673,7115,5.90535207012913,2.22731422332724,12.5827846022015,3.49336368937259,19.9935951159703,4.68812451278872,1.76250103483829,0.369151391598863,0.388888888888889,0.172413793103448,0.061951937453047,0.461538461538462,0.045161290322581,0.347806739186337,4.18141570602485,1.65460745305315,0.454545454545455,1.42133131660998,-1.5741909787736,-9.17954669406709
Positive,Positive,X2.2,2017-09-06T00:58:42.00Z,12673,7115,6.0098719557458,2.25319311756824,14.0269500662921,3.48062598050812,21.2287290472998,4.75873977440755,1.7551327662777,0.339635675993177,0.333333333333333,0.172413793103448,0.056998534029141,0.461538461538462,0.045161290322581,0.319997647758827,4.26357719722829,1.65693374160325,0.454545454545455,1.39899857274909,-1.58982886958504,-9.7550288512019
Positive,Positive,X2.2,2017-09-06T01:58:42.00Z,12673,7115,5.82474996558443,2.2776457293893,13.7351802774864,3.44397626049895,19.9122785991392,4.74158365080874,1.75390750136223,0.312479906706376,0.333333333333333,0.172413793103448,0.05244118287557,0.461538461538462,0.040860215053764,0.294412048515031,4.19461030455453,1.62727356258954,0.363636363636364,1.37855425943526,-1.56918411022432,-9.0714404132681
Positive,Positive,X2.2,2017-09-06T02:58:42.00Z,12673,7115,5.89750844193301,2.29431711426448,12.8726890141717,3.50498145300829,20.6433523262821,4.8023891890883,1.79608510607954,0.287495392849094,0.333333333333333,0.172413793103448,0.048248217401223,0.461538461538462,0.040860215053764,0.270872160835832,4.25052469053994,1.63774186106497,0.363636363636364,1.40868704251227,-1.55800439003895,-9.38821477746455
Positive,Positive,X2.2,2017-09-06T03:58:42.10Z,12673,7115,5.87727515185833,2.33871177372491,13.6176435717425,3.56678631310077,20.4350212183177,4.89446049745053,1.82343981861674,0.264508530422471,0.333333333333333,0.172413793103448,0.044390502935817,0.461538461538462,0.040860215053764,0.249214418655582,4.27898045139698,1.66740204007867,0.272727272727273,1.38725746108693,-1.56568616096387,-9.18345400055203
Positive,Positive,X2.2,2017-09-06T04:58:42.10Z,12673,7115,5.99481988765269,2.38895764527236,14.2610114434775,3.60790092932673,21.1277137292089,4.97281763160563,1.88989782568722,0.243359596037005,0.333333333333333,0.172413793103448,0.040841234288685,0.461538461538462,0.040860215053764,0.229288333929162,4.23844189834773,1.65169959236553,0.181818181818182,1.35737099503779,-1.7289237931184,-9.28298625890207
Positive,Positive,X2.2,2017-09-06T05:58:42.10Z,12673,7115,6.07934280913957,2.47097320212517,13.5303092033018,3.66858173806678,19.9408890302734,4.97076988956249,1.93312999234974,0.223901637080296,0.333333333333333,0.172413793103448,0.037575749493872,0.461538461538462,0.040860215053764,0.210955450971189,4.04798648133164,1.67728876641658,0.181818181818182,1.30096439565385,-1.78180455546762,-8.46082419725713
Positive,Positive,X2.2,2017-09-06T08:34:42.10Z,12673,7115,6.25979511828868,2.53388290718725,14.7045070317614,3.6748117541927,21.5736770697028,5.13716652573301,2.00931923681901,0.365032251061513,0.444444444444444,0.195402298850575,0.033925591968452,0.461538461538462,0.024731182795699,0.169860975564478,4.41251686818103,1.71450938321809,0.090909090909091,1.29587384374438,-1.86043982658744,-9.49607711002798
Positive,Positive,X9.3,2017-09-06T09:58:42.00Z,12673,7115,6.29368046959309,2.56292739999802,13.726432767976,3.85917927293637,21.0331729601068,5.20126990062542,2.01740587667772,0.324835546042365,0.444444444444444,0.195402298850575,0.226852562894284,0.461538461538462,0.236559139784946,0.151156185757071,4.15488690996348,1.70753051756781,0.090909090909091,1.22723349864253,-1.99980909908241,-8.73146064544314
Positive,Positive,X9.3,2017-09-06T10:58:42.00Z,12673,7115,6.20458658552663,2.60724506035707,15.1187374624363,3.98356915661708,20.0651015399277,5.26042652059855,2.06225312100336,0.298863129809344,0.388888888888889,0.195402298850575,0.208714433435233,0.461538461538462,0.236559139784946,0.139070404442465,4.03578901853063,1.69066492557962,0.090909090909091,1.26212841092517,-2.05625639793248,-8.06273099806103
Positive,Negative,M2.5,2017-09-06T12:58:41.90Z,12673,7115,7.02385484691385,2.66678623463826,14.6602529874131,4.27691473714223,21.8091080678839,5.16383409273353,1.99671110207673,0.252988033763926,0.333333333333333,0.195402298850575,1,0.461538461538462,1,0.1177232808781,3.9827912545516,1.71916196031828,0.090909090909091,1.15785420245704,-2.14010429932278,-8.81244870317422
Positive,Negative,M2.5,2017-09-06T13:58:41.90Z,12673,7115,6.96517820598168,2.74875573595381,15.1830525417735,4.2502747200897,22.3272797565534,5.26912691068694,2.04298645332821,0.232760227432555,0.277777777777778,0.195402298850575,0.92004441462932,0.461538461538462,1,0.108310647043735,3.95117706627399,1.71974353245581,0.090909090909091,1.11335292608717,-2.24939806690188,-8.79841134283946
Positive,Positive,X1.3,2017-09-06T14:58:41.80Z,12673,7115,6.67379330171561,2.76516805843182,13.3887741101795,4.21090879927823,20.0493335142898,5.15890074365413,2.07518599907042,0.214149747197173,0.277777777777778,0.195402298850575,0.84648172489061,0.461538461538462,1,0.099650605857476,3.79979939846464,1.72323296528095,0.090909090909091,1.09996970090583,-2.33520070464361,-7.8270563289238
Positive,Positive,X1.3,2017-09-06T16:58:41.80Z,12673,7115,6.62113549370892,2.83468889194594,13.0506513538124,3.99834452934874,20.240228824674,5.18587329351214,2.1616348674875,0.181273847392352,0.222222222222222,0.195402298850575,0.738449515225428,0.5,1,0.246739100752623,4.0815251415656,1.74475113436933,0.181818181818182,1.05661790399939,-2.27076299228681,-8.31211776321893
Positive,Positive,X1.3,2017-09-06T17:58:41.80Z,12673,7115,6.93389044575926,2.95414903983752,13.3650332226532,3.96722062525749,19.2171433919686,5.09313839607537,2.18967481364451,0.166779990811703,0.166666666666667,0.195402298850575,0.679406351968886,0.5,1,0.227010931518114,3.86955153552472,1.72730397024362,0.090909090909091,0.997501817308801,-2.26829385163237,-7.70339111235464
Positive,Positive,X1.3,2017-09-06T18:58:41.70Z,12673,7115,6.99612095026769,3.0542061337994,12.691922620909,4.08885786628839,17.7499252371304,5.04339602716476,2.17966823672106,0.153444999018236,0.166666666666667,0.195402298850575,0.625084019392657,0.5,1,0.20886013960304,3.56561708690687,1.70927523398038,0.090909090909091,0.927137253011802,-2.35289621266708,-6.75058856848966
Positive,Positive,X1.3,2017-09-06T19:58:41.70Z,12673,7115,6.63950210796576,3.0658452316097,12.5791840955486,4.18229476327528,18.9395183251825,5.15495607526659,2.18015243969897,0.14117621429953,0.166666666666667,0.195402298850575,0.58793707935109,0.538461538461538,1,0.361927259432088,3.60526569631827,1.68950178130457,0.181818181818182,0.916381409461153,-2.4696316958297,-7.11238585365377
Positive,Positive,X1.3,2017-09-06T20:58:41.80Z,12673,7115,6.7389215412276,3.05891027516121,11.7649066853544,4.05419807645885,16.359856976964,4.9833680275988,2.14123953298955,0.129888387444795,0.111111111111111,0.195402298850575,0.540928226010448,0.538461538461538,1,0.332989153542591,3.57148523067011,1.68310448779181,0.181818181818182,0.981326999144847,-2.37796484903367,-6.30696525651411
Positive,Positive,X1.3,2017-09-06T21:58:41.80Z,12673,7115,6.63717873475232,3.05116718795713,12.7549097794973,3.95197715442838,18.8390477002849,5.02996337559531,2.13078088554748,0.119503085393793,0.111111111111111,0.195402298850575,0.497677993056261,0.538461538461538,1,0.306364810849007,3.72829479536141,1.6656573236661,0.181818181818182,0.914246661886214,-2.4121555883736,-7.42481049676858
Positive,Positive,X1.3,2017-09-06T22:58:41.80Z,12673,7115,6.34923401829156,3.09549924067158,13.4382095905052,3.81404424838002,18.325278480312,4.93731226465785,2.09269580219969,0.109948146247531,0.111111111111111,0.195402298850575,0.457885857795344,0.538461538461538,1,0.281869233060597,3.5181334835074,1.63308928396478,0.181818181818182,0.882307553938102,-2.51675112998523,-7.03147359904673
Positive,Positive,X1.3,2017-09-06T23:58:41.80Z,12673,7115,6.63052471352772,3.13650306120025,11.6198758820307,3.86052043557742,16.0266282813082,4.88430892519408,2.07185221405402,0.101157177853889,0.111111111111111,0.195402298850575,0.421275326002363,0.538461538461538,1,0.259332213533254,3.39325719052689,1.6115711148764,0.181818181818182,0.887890739903324,-2.47179219390233,-6.05644971392723
Positive,Positive,X1.3,2017-09-07T00:58:41.90Z,12673,7115,6.17921195970581,3.13918435701088,11.9378926906441,3.7587640187862,17.3533885923859,4.98190679105083,2.11159615556128,0.093069096484135,0.111111111111111,0.195402298850575,0.387592010709621,0.538461538461538,1,0.23859715459473,3.42101744921318,1.62669199045201,0.181818181818182,0.868349589025045,-2.55941239351469,-6.47087641899738
Positive,Positive,X1.3,2017-09-07T01:58:41.90Z,12673,7115,6.2383782041778,3.15675670333397,10.2671827491202,3.68240654317072,14.5649019815533,4.84527111943537,2.13793767971768,0.085627702394826,0.111111111111111,0.195402298850575,0.356601864608335,0.538461538461538,1,0.21951997943133,3.32247800366628,1.62843670686459,0.181818181818182,0.864736939282842,-2.46311590799159,-5.46705561617199
Positive,Positive,X1.3,2017-09-07T02:58:41.90Z,12673,7115,6.22695777782004,3.14172748620969,10.4877328695314,3.70396112606806,14.2755856649887,4.86423703141928,2.11427603820333,0.078781289325902,0.111111111111111,0.195402298850575,0.328089553779301,0.538461538461538,1,0.201968130975339,3.3676008882281,1.64006814961506,0.181818181818182,0.888711796662916,-2.4895562891662,-5.39561737383212
Positive,Positive,X1.3,2017-09-07T03:58:41.90Z,12673,7115,5.74183645369691,3.13225371826901,12.0772165786411,3.58475111738676,16.7552649275655,4.84126277330836,2.17767158055119,0.072482285221593,0.111111111111111,0.195402298850575,0.301856961452873,0.538461538461538,1,0.185819650836985,3.37912279157294,1.65635216946572,0.181818181818182,0.84347156920942,-2.48856177418039,-6.3588738576224
Positive,Positive,X1.3,2017-09-07T04:58:42.00Z,12673,7115,5.71625043082833,3.16877935741562,10.848608432597,3.64636966211808,15.3635232800629,4.95324845682669,2.24533778355627,0.06668537801682,0.111111111111111,0.195402298850575,0.277715382730467,0.538461538461538,1,0.170958374465356,3.35758216699425,1.64821015954039,0.181818181818182,0.853488461676438,-2.5275879139686,-5.69053149529224
Positive,Positive,X1.3,2017-09-07T05:58:42.00Z,12673,7115,5.60386697389783,3.22026297152729,11.6175044880439,3.59316918415898,16.1779069888167,4.84170516602472,2.29142033511633,0.06135350958182,0.111111111111111,0.195402298850575,0.27669810265033,0.576923076923077,1,0.320803806438326,3.08030115640386,1.64704701526534,0.272727272727273,0.842896829477706,-2.62114090987565,-5.734664074112
Positive,Positive,X1.3,2017-09-07T08:22:41.90Z,12673,7115,5.51131295890834,3.16639094603734,10.65165248468,3.40375010678033,15.6497735916424,4.82868809549185,2.35706839231029,0.140631013568618,0.055555555555556,0.206896551724138,0.233300091295491,0.576923076923077,1,0.262658022011968,3.41353394556948,1.64704701526534,0.272727272727273,0.819825134533182,-2.47971402016865,-6.00590143433591
Positive,Positive,X1.3,2017-09-07T08:58:41.90Z,12673,7115,5.54226168612967,3.1766109576054,10.694518724593,3.5453461884005,15.3946437922015,4.79056188684564,2.34863833442783,0.133772358103829,0.055555555555556,0.206896551724138,0.221921911578974,0.576923076923077,1,0.249848039118942,3.24065304577127,1.62727356258954,0.272727272727273,0.852174770861091,-2.49089374035403,-5.72562145053259
Positive,Positive,X1.3,2017-09-07T09:58:41.90Z,12673,7115,5.35690636149106,3.24958091909063,10.0473018289059,3.55440532372942,13.8673409242845,4.67754730511578,2.37336718949827,0.222152498059502,0.111111111111111,0.218390804597701,0.219502717829075,0.615384615384615,1,0.40514859764056,2.95611787275478,1.61564211983906,0.363636363636364,0.818429338041877,-2.47594172194659,-4.93668734375369
Positive,Positive,X1.3,2017-09-07T10:58:41.90Z,12673,7115,5.23713597376005,3.28800922762084,9.63198600641261,3.55102290436299,13.1809376543884,4.59826181654832,2.3679343245556,0.204390165035596,0.111111111111111,0.218390804597701,0.267300750663947,0.653846153846154,1,0.538559930460281,2.77600524608436,1.6016843885385,0.454545454545455,0.790102879835967,-2.62336999518868,-4.55991825247113
Positive,Positive,X1.3,2017-09-07T11:58:41.80Z,12673,7115,5.12072400705173,3.29866892564631,8.9380852857961,3.48574990957263,12.6156191198303,4.51566843698808,2.34311830827676,0.188048029746166,0.111111111111111,0.218390804597701,0.24592856267459,0.653846153846154,0.078494623655914,0.49549905596314,2.73753076399347,1.59528709502574,0.454545454545455,0.768426981382749,-2.61119576001749,-4.39731228196007
Positive,Positive,X1.3,2017-09-07T12:58:41.80Z,12673,7115,4.87751369793069,3.30051906293272,8.25317011234397,3.38661012008492,11.7329072999792,4.46487035818616,2.35442626707652,0.272640480540892,0.166666666666667,0.229885057471264,0.228988314927077,0.653846153846154,0.078494623655914,0.455881138892988,2.6773785511612,1.58307408013774,0.454545454545455,0.783041791703479,-2.70732077743958,-4.07378730500764
Positive,Positive,X1.3,2017-09-07T13:58:41.70Z,12673,7115,4.74915879518056,3.2855265463147,6.91518890412263,3.46441192469845,9.86024648591591,4.39796851421678,2.39515347565808,0.250841351323502,0.166666666666667,0.229885057471264,0.210679420164038,0.653846153846154,0.078494623655914,0.419430895573349,2.58696326896367,1.58365565227526,0.454545454545455,0.81227141234494,-2.66620272681915,-3.40221297311586
Positive,Negative,M3.9,2017-09-07T14:58:41.70Z,12673,7115,5.05905789277454,3.31132916107209,10.0361963992383,3.51641649414104,14.0414518227629,4.3630094352445,2.35327791869052,0.23078518424326,0.166666666666667,0.229885057471264,0.316345127333405,0.653846153846154,0.139784946236559,0.385895052795234,2.59293112629978,1.58249250800021,0.454545454545455,0.738376303981698,-2.67553059151369,-4.85050746114475
Positive,Negative,M3.9,2017-09-07T15:58:41.70Z,12673,7115,5.17188907269768,3.29928707731065,10.5740327472873,3.4393312081065,14.9726357214266,4.3257076857515,2.36710710333825,0.212332619742211,0.166666666666667,0.229885057471264,0.291051567498301,0.653846153846154,0.139784946236559,0.355040587957343,2.66475979851483,1.56213748318688,0.363636363636364,0.728934151246394,-2.55783488698547,-5.30735635090845
Positive,Negative,M3.9,2017-09-07T16:58:41.60Z,12673,7115,5.09787218562146,3.30506344914961,11.0863002582785,3.30432083557446,14.7487106650304,4.19335853144076,2.33774087351271,0.195355440837433,0.166666666666667,0.229885057471264,0.267780369045922,0.653846153846154,0.139784946236559,0.326653109916865,2.69037870822379,1.53131415989813,0.363636363636364,0.659801172088783,-2.4765933007304,-5.41525176119874
Positive,Negative,M3.9,2017-09-07T17:58:41.60Z,12673,7115,4.87326481670216,3.36925983078426,9.249067258334,3.33970946235398,12.9145265289125,4.20804798049987,2.34821458278802,0.17973568220993,0.166666666666667,0.229885057471264,0.24636983288808,0.653846153846154,0.139784946236559,0.30053536930031,2.52383460598131,1.56330062746193,0.363636363636364,0.690837117601344,-2.62631924652593,-4.53169743850799
Positive,Negative,M3.9,2017-09-07T18:58:41.60Z,12673,7115,4.99063006443711,3.43260922230375,9.18769695928215,3.46805970230653,12.6288602182826,4.19421315373373,2.35673742518265,0.368682448977111,0.277777777777778,0.252873563218391,0.235649553659792,0.653846153846154,0.139784946236559,0.276505887923311,2.34440003160639,1.54817975188632,0.363636363636364,0.680902330810286,-2.67748532786512,-4.22744299392675
Positive,Negative,M3.9,2017-09-07T19:58:41.60Z,12673,7115,4.90998807365698,3.44719227641069,8.80654477995629,3.34491756695356,12.5312646749828,4.09915569453607,2.35070026073531,0.339204227953251,0.277777777777778,0.252873563218391,0.216808055654584,0.653846153846154,0.139784946236559,0.254397697795964,2.3209972560544,1.54759817974879,0.272727272727273,0.639767387154748,-2.57114081162327,-4.25450057449543
Positive,Negative,M3.9,2017-09-07T21:58:41.70Z,12673,7115,4.72954174744318,3.45628968425771,7.18983046148759,3.29469659497657,10.9663218227886,4.00555947188639,2.31980932589127,0.485117076052033,0.388888888888889,0.275862068965517,0.190736410082275,0.653846153846154,0.139784946236559,0.215343002038529,2.28733644669369,1.49816454805928,0.272727272727273,0.613575676523776,-2.54291716219823,-3.77554473728258
Positive,Negative,M3.9,2017-09-07T22:58:41.70Z,12673,7115,4.77323911266188,3.50957090355858,6.26965923130369,3.31709601281734,9.96312611473038,3.92720904065123,2.27637291386024,0.446329256262981,0.388888888888889,0.275862068965517,0.175485968762645,0.653846153846154,0.139784946236559,0.19812512625506,2.16668551636343,1.50805127439718,0.272727272727273,0.566036490143424,-2.58194330198644,-3.37574114396027
Positive,Negative,M1.3,2017-09-08T00:58:41.70Z,12673,7115,4.86234595975485,3.55462329366069,5.91885760140524,3.28647305581283,9.90746633192327,3.88191405912402,2.21785313288812,0.377809558710634,0.388888888888889,0.275862068965517,0.183264459498293,0.692307692307692,0.139784946236559,0.332595938568525,2.05430831974185,1.48246210034614,0.363636363636364,0.557990133899427,-2.55509139736942,-3.27624196333708
Positive,Negative,M1.3,2017-09-08T01:58:41.80Z,12673,7115,4.95726522850498,3.60070761564483,5.36039431752973,3.31616084315336,9.2698271413146,3.90755607937298,2.25240701508855,0.449185681995456,0.444444444444444,0.28735632183908,0.173516737276033,0.692307692307692,0.139784946236559,0.306003035608368,2.06168961697336,1.47490166255833,0.363636363636364,0.543621640606574,-2.53389794008549,-3.05944502856462
Positive,Negative,M1.2,2017-09-08T02:58:41.80Z,12673,7115,4.99883167159616,3.63888549719112,5.44923775487105,3.35002815111617,8.99407761603957,3.83723909769171,2.2454002403968,0.511116023326968,0.5,0.298850574712644,0.172529423375863,0.730769230769231,0.139784946236559,0.449894194536908,2.0452667915221,1.46036235912024,0.454545454545455,0.481221326877613,-2.48358919925131,-3.00456218851647
Positive,Positive,M8.1,2017-09-08T03:58:41.80Z,12673,7115,4.87528704883815,3.55234354456566,5.28454414307404,3.31602226147977,8.79960529983942,3.94219006672794,2.28176621496177,0.571130548809516,0.555555555555556,0.310344827586207,0.171174204623204,0.769230769230769,0.139784946236559,0.586063615780142,2.20194174289003,1.48595153317128,0.545454545454545,0.544196380338288,-2.51105838903194,-3.01342150635955
Positive,Positive,M8.1,2017-09-08T04:58:41.80Z,12673,7115,4.84313176299526,3.58313742817505,5.12943641239891,3.52219842952237,6.65133534534474,4.03854118947494,2.27745016809009,0.525465471456376,0.555555555555556,0.310344827586207,0.157487870892196,0.769230769230769,0.139784946236559,0.539204556315985,2.21718545534214,1.49932769233432,0.545454545454545,0.494029812327242,-2.57782806756237,-2.2590260593734
Positive,Positive,M8.1,2017-09-08T05:58:41.80Z,12673,7115,4.76223450030841,3.62727662332716,5.09035931275138,3.2585775914507,8.74437228695698,3.87646458520887,2.30242162643639,0.586599575231911,0.611111111111111,0.32183908045977,0.152695976035162,0.769230769230769,0.139784946236559,0.496092140381205,1.97896972976188,1.50456184157204,0.454545454545455,0.576299699638319,-2.38989902886346,-2.83548263121186
