Predicted Label,Label,flare,timestamp,NOAA,HARP,TOTUSJH,TOTUSJZ,TOTPOT,TOTBSQ,USFLUX,Cdec,Chis1d,Chis,AREA_ACR,SAVNCPP,ABSNJZH,Edec,Xmax1d,Mhis,R_VALUE,Mdec,MEANPOT,Mhis1d,TOTFX,TOTFZ,MEANSHR,SHRGT45
Negative,Negative,C1.0,2015-04-04T05:34:17.60Z,12320,5415,-0.104047760666066,-0.301538498066563,-0.137915513836708,-0.364580546296148,-0.331677117746662,0,0,0,-0.742761599872851,0.114149445849932,-0.338411710005935,0,0,0,-0.841945640821739,0,0.687452988351236,0,2.42050137028539,-2.97586988449347,0.265216593130253,-0.868103351835196
Negative,Negative,C1.0,2015-04-04T06:34:17.60Z,12320,5415,-0.078954332804978,-0.175091061701495,-0.094343895864605,-0.356320437504331,-0.305178345089936,0,0,0,-0.750495384584448,0.139392917600114,-0.238162526308981,0,0,0,-0.792015225405496,0,0.43214281997833,0,2.1822635907523,-2.80778498148445,0.416877970767643,-0.747161691147356
Negative,Negative,C1.0,2015-04-04T07:34:17.60Z,12320,5415,-0.04378165325226,-0.338201403832063,-0.018729115366458,-0.349030408801529,-0.283668199668627,0,0,0,-0.790608409961485,0.227425198627032,-0.095511201269712,0,0,0,-0.798980826568503,0,0.328622979499111,0,2.1374761227704,-3.09140608553675,0.181018617655464,-0.744944837896459
Negative,Negative,C1.0,2015-04-04T08:34:17.60Z,12320,5415,0.018644293809753,-0.306687814131345,0.096848000405039,-0.326072941505074,-0.272632869099023,0,0,0,-0.763753550516833,0.288448065896443,-0.24252370549001,0,0,0,-0.690921544809645,0,0.662445386437717,0,2.27132412241308,-3.28710819449691,0.205121254624954,-0.646910660801224
Negative,Negative,C1.0,2015-04-04T09:34:17.60Z,12320,5415,0.05524689490242,-0.372511459618126,0.116056446895102,-0.300239988581486,-0.233128115426248,0,0,0,-0.670743471869359,0.27082102862284,-0.351588666100016,0,0,0,-0.600492014666892,0,0.732234042940561,0,2.51278550224503,-3.21839455913959,-0.018207152963059,-0.580569274626223
Negative,Negative,C1.0,2015-04-04T10:34:17.60Z,12320,5415,0.035291811319821,-0.35598535582461,0.06245972800263,-0.29567332273767,-0.177110329524526,0,0,0,-0.627312477355159,0.23435367851559,-0.438489282028206,0,0,0,-0.547232904889566,0,0.90961354488529,0,2.67934961555901,-2.94450281938566,0.165669174155395,-0.557579685357659
Negative,Negative,C1.0,2015-04-04T11:34:17.50Z,12320,5415,0.040368331933403,-0.37250584422438,0.037435470611035,-0.290838875242059,-0.145387453375803,0,0,0,-0.592064477198324,0.215687513182258,-0.27596889412827,0,0,0,-0.556479278114796,0,0.939273723898999,0,2.7430328682714,-2.7576686205933,-0.026604760868772,-0.581390331385815
Negative,Negative,C1.0,2015-04-04T12:34:17.50Z,12320,5415,0.114592627433818,-0.429687398736569,0.110038922668684,-0.264935105969253,-0.063009618332189,0,0,0,-0.581777277169524,0.304594129799599,-0.434082681070941,0,0,0,-0.456371877329636,0,0.971260191462803,0,2.77492593505789,-2.68692803434048,0.076873394647542,-0.51652684737808
Negative,Negative,C1.0,2015-04-04T13:34:17.50Z,12320,5415,0.173004024900411,-0.365239524717479,0.166121899438397,-0.241608106696239,-0.028392024001362,0,0,0,-0.553061513171233,0.374931729482544,-0.470110203981748,0,0,0,-0.443920094719659,0,1.0177859624647,0,2.79502199649541,-2.76395216836934,0.144747511918612,-0.529499544179627
Negative,Negative,C1.0,2015-04-04T14:34:17.50Z,12320,5415,0.271282711829121,-0.326936923978242,0.288429465157099,-0.193560068374686,0.018250946209626,0,0,0,-0.498465589903068,0.46961399832107,-0.361270810247993,0,0,0,-0.395160886578611,0,1.10734807164335,0,2.83905500483289,-3.03794525566804,0.174950233015902,-0.464307637468055
Negative,Negative,C1.0,2015-04-04T15:34:17.40Z,12320,5415,0.408363725734127,-0.3057725049508,0.506797227617139,-0.145607446118547,0.107123287449523,0,0,0,-0.517921702240959,0.65512930054695,0.011891687620552,0,0,0,-0.405640109567206,0,1.09455348461783,0,2.72448001974291,-3.34436955729468,0.173690522918114,-0.452977054185691
Negative,Negative,C1.0,2015-04-04T17:34:17.40Z,12320,5415,0.467315581690715,-0.260085661436004,0.4828092531847,-0.112756435468918,0.200801651556262,0,0,0,-0.479448715853659,0.711111964956009,-0.083101355200127,0.001507691169378,0.000924731182796,0,-0.458036224510177,0,1.12653995218163,0,2.64210674402123,-3.1829229184684,0.206148042396127,-0.47358557885144
Negative,Negative,C1.0,2015-04-04T18:34:17.40Z,12320,5415,0.450348974297255,-0.170885131785986,0.416114513076432,-0.108932084494394,0.215470908101773,0,0,0,-0.388362112026798,0.644360940238226,-0.094595729411829,0.001387142839372,0.000924731182796,0,-0.497857271866836,0,1.17713672814619,0,2.83082453598476,-3.01534475318326,0.302693657658751,-0.551175442632845
Negative,Negative,C3.0,2015-04-04T21:34:17.50Z,12320,5415,0.547143893268193,-0.359697131090499,0.579848247153928,0.000234350895141,0.349511671837246,0.100657174988465,0.055555555555556,0.011494252873563,-0.400934248577854,0.991816866548191,-0.367084767664328,0.001997390037727,0.001075268817204,0,-0.431653239574187,0,1.18818659875914,0,3.02427484753596,-3.42453546521155,0.118252252706497,-0.468577132617931
Negative,Negative,C3.0,2015-04-04T22:34:17.50Z,12320,5415,0.568423199866867,-0.417984918170587,0.568880277587709,0.010126520149727,0.345674706426612,0.092609071640504,0.055555555555556,0.011494252873563,-0.371012698199664,0.970142698936693,-0.133559199764164,0.001837687548047,0.001075268817204,0,-0.415564550162286,0,1.10502178309325,0,2.99296477229288,-3.29313837341101,0.079042742233886,-0.450349672554998
Negative,Negative,C3.0,2015-04-04T23:34:17.60Z,12320,5415,0.623758371426388,-0.303610578358716,0.584394752578494,0.051003607141299,0.4046424399743,0.085204459106852,0.055555555555556,0.011494252873563,-0.309743194783415,0.997605471889235,-0.22860344313683,0.001690754164414,0.001075268817204,0,-0.368038191784602,0,1.14340554416982,0,3.05815694429409,-3.14425883013681,0.157707089653294,-0.430397993296922
Negative,Negative,C3.0,2015-04-05T00:34:17.60Z,12320,5415,0.677858066843653,-0.386050173938943,0.655521539914256,0.075617399470721,0.436509712297714,0.078391886702772,0.055555555555556,0.011494252873563,-0.297220167166996,1.04499302165466,-0.256278838577573,0.00155556892548,0.001075268817204,0,-0.336415595354315,0,1.14980283768258,0,3.08020774208303,-3.04863742164178,0.099804528790862,-0.402810486174645
Negative,Negative,C3.0,2015-04-05T01:34:17.60Z,12320,5415,0.730958612063548,-0.329621082188674,0.708025516647223,0.104079338140473,0.479114584453589,0.07212401751314,0.055555555555556,0.011494252873563,-0.277571109065607,1.09565339303756,-0.068522222585861,0.001431192501459,0.001075268817204,0,-0.357867181236849,0,1.19167603158429,0,3.05976874444352,-3.0610524958767,-0.012739680361392,-0.407654721056236
Negative,Negative,C3.0,2015-04-05T02:34:17.70Z,12320,5415,0.734690966543343,-0.364964370423941,0.735607889080141,0.111759208667266,0.515731998679603,0.066357299473592,0.055555555555556,0.011494252873563,-0.330781262954847,1.21060657483629,0.130551961033061,0.001316760667227,0.001075268817204,0,-0.3880103579511,0,1.19865489723457,0,3.04042714265042,-3.11552680119316,0.013937506348435,-0.428509562749862
Negative,Negative,C3.0,2015-04-05T03:34:17.70Z,12320,5415,0.769616351436433,-0.393024492971069,0.828588493075102,0.144382990330765,0.559507914796508,0.061051662750564,0.055555555555556,0.011494252873563,-0.331011601308171,1.28513594802888,0.13559761075117,0.001211478297286,0.001075268817204,0,-0.336107382913474,0,1.16666842967077,0,3.08130513792945,-3.12718176884226,0.09033327300093,-0.380641953665673
Negative,Negative,C3.0,2015-04-05T04:34:17.70Z,12320,5415,0.875315872465767,-0.338942635806492,0.959417805188485,0.179052838307424,0.560581654872798,0.056170241317489,0.055555555555556,0.011494252873563,-0.26100993103199,1.28132917002613,-0.078587472618437,0.001114613840862,0.001075268817204,0,-0.308491548214119,0,1.18586031020905,0,3.26011207365502,-3.03323259483601,0.123000284749034,-0.371692434986124
Negative,Negative,C3.0,2015-04-05T05:34:17.70Z,12320,5415,0.813514144988139,-0.209154040162748,0.814885331884644,0.156643636347857,0.578736625993827,0.051679116792537,0.055555555555556,0.011494252873563,-0.161066269095181,1.1041815832286,-0.192978188890313,0.001025494238754,0.001075268817204,0,-0.344305833839845,0,1.14922126554506,0,3.18229984942002,-2.60701549528555,0.219997962278698,-0.3974736172373
Negative,Negative,C3.0,2015-04-05T06:34:17.80Z,12320,5415,0.762508624283887,-0.406630592016836,0.802516660884282,0.155236358305439,0.592873481695073,0.047547082757951,0.055555555555556,0.011494252873563,-0.211183557238006,1.10981403151358,-0.31128200465873,0.0009435002466,0.001075268817204,0,-0.358668533583036,0,1.15561855905782,0,2.90976844968639,-2.43811981191833,0.085169012895447,-0.398623096700728
Negative,Negative,C3.0,2015-04-05T07:34:17.80Z,12320,5415,0.777881776572159,-0.409550596764586,0.885134948553146,0.171989636415556,0.587009534088139,0.043745427923371,0.055555555555556,0.011494252873563,-0.286486499615683,1.19093366424287,0.024005408860228,0.000868062132086,0.001075268817204,0,-0.311327102669857,0,1.20505219074733,0,2.75424688207697,-2.54868998326765,0.041735201055528,-0.337043839731359
Negative,Negative,C3.0,2015-04-05T08:34:17.80Z,12320,5415,0.827690710213694,-0.324033765411729,1.02358676597927,0.198157835880185,0.619426781313994,0.040247736626467,0.055555555555556,0.011494252873563,-0.308056290414431,1.24323044643453,0.31761811811904,0.000798655716177,0.001075268817204,0,-0.248944904643636,0,1.18934974303419,0,2.75825923564044,-2.55923012792423,0.126280492662311,-0.239255979664002
Negative,Negative,C3.0,2015-04-05T09:34:17.70Z,12320,5415,0.873041359890717,-0.193346706768679,1.08998329885659,0.214557870109209,0.628958294362061,0.037029705284653,0.055555555555556,0.011494252873563,-0.247505223290691,1.1982478592561,-0.00429337575733,0.00073479873088,0.001075268817204,0,-0.170720587158188,0,1.15910799188296,0,2.91885625903953,-2.4330017609072,0.203465990043506,-0.176937771611001
Negative,Negative,C3.0,2015-04-05T10:34:17.70Z,12320,5415,0.814255031811139,-0.280048386201872,0.920106803780993,0.217483359519132,0.691878271047623,0.034068973522515,0.055555555555556,0.011494252873563,-0.116493803455581,1.05631908573505,-0.212577071528262,0.000676047468223,0.001075268817204,0,-0.143536249876011,0,1.17422886745857,0,3.04814320719553,-2.07590368689316,0.167058438683371,-0.172586170785165
Negative,Negative,C3.0,2015-04-05T11:34:17.70Z,12320,5415,0.738237850028417,-0.114837886810423,0.802541297626253,0.19747078658584,0.69740401921464,0.031344968801544,0.055555555555556,0.011494252873563,-0.084253164656427,0.984522820832525,0.109377388893195,0.000621993697163,0.001075268817204,0,-0.181323095123119,0,1.11549008156868,0,3.07544092887516,-1.82020383142631,0.286695063769121,-0.215281122283928
Negative,Negative,C3.0,2015-04-05T12:34:17.70Z,12320,5415,0.791000359403094,-0.100411940277788,0.877779854543884,0.21662337489021,0.755684813067033,0.028838763472591,0.055555555555556,0.011494252873563,-0.078450333283408,0.998679861219689,0.210090820870002,0.000572261827009,0.001075268817204,0,-0.110187663777013,0,1.12712152431915,0,3.08734081508474,-1.70537706319645,0.291476173538515,-0.180878844057041
Negative,Negative,C3.0,2015-04-05T13:34:17.60Z,12320,5415,0.830350124960585,-0.125855289339433,0.928531543004163,0.223519003783457,0.78103081996778,0.026532943257773,0.055555555555556,0.011494252873563,-0.093027460500895,1.04370922355316,0.048645749358229,0.000526506297646,0.001075268817204,0,-0.12676949309426,0,1.08466675827992,0,3.07444641388934,-1.80069442905716,0.269538749439512,-0.180057787297449
Negative,Negative,C3.0,2015-04-05T14:34:17.60Z,12320,5415,0.924868537044702,-0.176354525294272,1.12434026206608,0.26806292313085,0.799262909978251,0.024411486247991,0.055555555555556,0.011494252873563,-0.137741020846103,1.15345165308007,0.057639979657151,0.000484409178416,0.001075268817204,0,-0.05101087513554,0,1.02592797239003,0,3.00040648787639,-1.94283436060383,0.219332273025709,-0.103945825683309
Negative,Negative,C3.0,2015-04-05T15:34:17.60Z,12320,5415,0.995305634491614,-0.191510473013844,1.2813517584437,0.275007818485692,0.794079174831647,0.022459651575265,0.055555555555556,0.011494252873563,-0.257871446325988,1.30403167143081,0.085570180184094,0.000445677958997,0.001075268817204,0,-0.087873083060124,0,1.07594317621707,0,2.82859545067173,-2.14902594044818,0.191763365929374,-0.107230052721675
Negative,Negative,C3.0,2015-04-05T16:34:17.60Z,12320,5415,0.923651009708386,-0.240903476400784,1.15104905668995,0.247029830635958,0.810744185975794,0.020663876986343,0.055555555555556,0.011494252873563,-0.298820570011518,1.28264750978058,0.08096213050533,0.000410043516898,0.001075268817204,0,-0.100201580693765,0,1.03058054949022,0,2.70205199213176,-2.08907886771388,0.165263972001402,-0.103699508655432
Negative,Negative,C3.0,2015-04-05T17:34:17.60Z,12320,5415,0.909267036058627,-0.142965394082499,1.05653378897637,0.226233686361115,0.801047088183924,0.019011684605872,0.055555555555556,0.011494252873563,-0.22901807759714,1.18437866597689,-0.030066565895331,0.000377258247477,0.001075268817204,0,-0.106057617069744,0,1.04686456934088,0,2.7368943102555,-1.94602680826424,0.232701187630241,-0.145655509070561
Negative,Negative,C3.0,2015-04-05T19:34:17.60Z,12320,5415,0.967073159902662,0.056813469207314,1.07521767816864,0.250143336950333,0.864936573111309,0.016093043578255,0,0.011494252873563,-0.125042248057505,1.13090314987815,0.119108038827264,0.000980000773586,0.000806451612903,0,0.004405721727674,0,0.982891634213276,0,3.08092790810724,-1.81224804916149,0.368058002404578,-0.045650795752306
Negative,Negative,C3.0,2015-04-05T20:34:17.60Z,12320,5415,0.967262619520925,-0.21826220881823,1.17866992403219,0.252590237876194,0.868176469684349,0.01480631485856,0,0.011494252873563,-0.266957596369599,1.29232924725676,-0.072705547217886,0.00090164423807,0.000806451612903,0,-0.039730299800759,0,1.04860928575345,0,3.01889074916448,-2.01590594038647,0.180220617495049,-0.047375014947449
Negative,Negative,C3.0,2015-04-05T21:34:17.60Z,12320,5415,0.903973135461984,-0.117241275333571,1.07232542731433,0.237902464547078,0.88674434891238,0.116827790791808,0.055555555555556,0.022988505747127,-0.26628752115993,1.25325112388033,0.206318448036815,0.003650447202094,0.003225806451613,0,-0.075482942938316,0,1.07885103690469,0,2.88651737519043,-1.93011524373459,0.237101903540785,-0.079806756951317
Negative,Negative,C3.0,2015-04-05T22:34:17.70Z,12320,5415,0.935593945750201,-0.106588873398029,1.09433322361085,0.245906421253203,0.919721310642286,0.107486756391486,0.055555555555556,0.022988505747127,-0.22493605320788,1.21668158804975,-0.064531573715259,0.003358573559185,0.003225806451613,0,-0.031346921409883,0,0.922989704048335,0,2.88103039595834,-1.79076236966923,0.249136683162101,-0.052876095236712
Negative,Negative,C3.0,2015-04-05T23:34:17.70Z,12320,5415,0.940548813345739,-0.095498470750324,1.10199986975295,0.250722469233566,0.918330760409953,0.098892589864609,0.055555555555556,0.022988505747127,-0.184511921483497,1.17196669868173,-0.004908530927247,0.00309003684425,0.003225806451613,0,-0.001142102207464,0,0.889258520071961,0,2.90692207920974,-1.6424402378913,0.262347100325445,-0.053615046320345
Negative,Negative,C3.0,2015-04-06T00:34:17.70Z,12320,5415,0.931608313675463,-0.286444319678193,1.06644956435425,0.258030662849418,0.924250236907693,0.090985574953162,0.055555555555556,0.022988505747127,-0.141412225315149,1.1315450489289,-0.048446216675455,0.002842971139551,0.003225806451613,0,0.008720695899448,0,1.0078992361268,0,2.88572862192581,-1.52786683852338,0.1551573482081,-0.032513887598841
Negative,Negative,C3.0,2015-04-06T01:34:17.80Z,12320,5415,0.925851732747903,-0.316840446023522,1.0721971109499,0.25677654652774,0.963329631577353,0.083710770047495,0.055555555555556,0.022988505747127,-0.147204836046949,1.12271893698112,0.023007447224145,0.002615659717897,0.003225806451613,0,0.020802623580416,0,0.975331196425468,0,2.85222375498989,-1.49021622563953,0.136712380769703,-0.014204321859949
Negative,Negative,C3.0,2015-04-06T02:34:17.80Z,12320,5415,0.905871720268164,-0.430383707561033,1.06313078990457,0.251288530822907,0.979026138053492,0.077017626426517,0.055555555555556,0.022988505747127,-0.187857561137131,1.15607178138026,-0.061963162399831,0.002406523114022,0.003225806451613,0,-0.02049784349228,0,1.02360168383994,0,2.81186016401387,-1.53759620282176,0.068952657304012,-0.029804400292189
Negative,Negative,C3.0,2015-04-06T03:34:17.80Z,12320,5415,0.865704286884482,-0.298006415400534,1.06793957397803,0.212700155846499,1.02051348963672,0.070859637021725,0.055555555555556,0.022988505747127,-0.272665450564462,1.18767307612748,0.08639897040572,0.002214108149732,0.003225806451613,0,-0.054154642032118,0,0.731070898665514,0,2.78761457453209,-1.56865922529524,0.141977252294374,-0.045158161696551
Negative,Negative,C3.0,2015-04-06T04:34:17.90Z,12320,5415,0.944935302086488,-0.273354836857029,1.1378714793282,0.217262833452947,1.03236308709544,0.065194013264499,0.055555555555556,0.022988505747127,-0.245021856758428,1.16835925480124,0.202887711635302,0.002037077836546,0.003225806451613,0,0.002926302011637,0,0.698502858964186,0,2.87386302933643,-1.47937203834863,0.157928986070957,0.004187349554903
Negative,Negative,C3.0,2015-04-06T05:34:17.90Z,12320,5415,1.02279722225757,-0.08207206430442,1.13834522334569,0.20918615006542,1.08906675976255,0.059981387771272,0.055555555555556,0.022988505747127,-0.126899662636093,1.03824516582634,0.179836534468688,0.001874202085679,0.003225806451613,0,-0.021730693255644,0,0.773525664704744,0,2.85143500172528,-1.22438161569521,0.295415179511686,0.012069494446982
Negative,Negative,C3.0,2015-04-06T06:34:17.90Z,12320,5415,0.992240377299284,-0.199995332963556,1.05234502957584,0.197050848651296,1.08975681382708,0.055185540800675,0.055555555555556,0.022988505747127,-0.090192852908207,0.974998679647952,-0.025334257567009,0.001724349160816,0.003225806451613,0,-0.0828800415185,0,0.532754799769931,0,2.6657350483394,-1.08305246450674,0.227505228036521,-0.043105519797572
Negative,Negative,C3.0,2015-04-06T07:34:17.90Z,12320,5415,0.898911572186686,-0.242178170781052,1.06108953317918,0.191942218215341,1.06102962525743,0.05077314858196,0.055555555555556,0.022988505747127,-0.213423622652472,1.03237740253061,0.189837259829024,0.00158647781428,0.003225806451613,0,-0.027648372119791,0,0.524612789844599,0,2.48998024481167,-1.20537895104993,0.183903271085081,0.010591592279717
Negative,Negative,C3.0,2015-04-06T08:34:17.90Z,12320,5415,0.928380520073781,-0.315885829086758,1.18611124663835,0.188701691568012,1.07818074616974,0.046713551765977,0.055555555555556,0.022988505747127,-0.295338322763056,1.08050399974571,0.3062388702947,0.001459630051961,0.003225806451613,0,-0.001758527089146,0,0.644998222312005,0,2.39848486611665,-1.18850458484493,0.132703084626962,0.045075976182564
Negative,Negative,C3.0,2015-04-06T09:34:17.90Z,12320,5415,0.94262389474367,-0.230778921477336,1.2710525737689,0.193325365745958,1.08313402786445,0.042978542389785,0.055555555555556,0.022988505747127,-0.282087884632569,1.05082120597304,0.209342125079115,0.001342924476732,0.003225806451613,0,0.094157184500576,0,0.785157107455218,0,2.41048763318684,-1.09227509108124,0.181254296459317,0.126114278354253
Negative,Negative,C3.0,2015-04-06T10:34:17.90Z,12320,5415,0.903492506325125,-0.176230986631867,1.15983667459173,0.171169534160305,1.07488049861597,0.039542167874631,0.055555555555556,0.022988505747127,-0.182365586827526,0.899602167042638,-0.023524123432314,0.001235550164086,0.003225806451613,0,0.106732252086889,0,0.626387913911247,0,2.46439720414208,-0.847824813084402,0.234579726867971,0.139908031915392
Negative,Negative,C3.0,2015-04-06T11:34:17.80Z,12320,5415,0.816986241781793,-0.126652675251319,0.98425882681167,0.142979063748319,1.10946169283098,0.036380550695389,0.055555555555556,0.022988505747127,-0.105134931802389,0.788839319518016,-0.005880892287337,0.001136761027462,0.003225806451613,0,0.008227555994103,0,0.704318580339423,0,2.46426002966127,-0.655669868191364,0.29264078517159,0.08637513119002
Negative,Negative,C3.0,2015-04-06T12:34:17.80Z,12320,5415,0.799808237340586,0.007454158182847,0.945429268403529,0.140736937026773,1.06543986164462,0.033471722468432,0.055555555555556,0.022988505747127,-0.069689498771276,0.743545857462991,0.303341547830985,0.001045870634085,0.003225806451613,0,0.014268519834586,0,0.678147834150857,0,2.43607067385644,-0.546163846062182,0.402712434241315,0.089659358228387
Negative,Negative,C3.0,2015-04-06T13:34:17.80Z,12320,5415,0.76899412616382,-0.070942353900496,0.966225758219807,0.156936553949446,1.08933788098678,0.030795471305104,0.055555555555556,0.022988505747127,-0.093015744156083,0.763457681156014,0.24019180503379,0.000962247435314,0.003225806451613,0,0.089595640376129,0,0.618245903985915,0,2.32917745969138,-0.572007469979758,0.330499621797558,0.135310114061679
Negative,Negative,C3.0,2015-04-06T14:34:17.80Z,12320,5415,0.805997583922497,-0.029248055338873,1.10092765821176,0.184244249804697,1.08856528544381,0.028333201370138,0.055555555555556,0.022988505747127,-0.16942102008181,0.850288200507205,0.416662142624505,0.000885310378352,0.003225806451613,0,0.115053987989597,0,0.734560331490656,0,2.2147396490822,-0.651666640172758,0.328089082452885,0.185066153692929
Negative,Negative,C3.0,2015-04-06T15:34:17.70Z,12320,5415,0.792910910079901,-0.168644589681463,1.1079989164229,0.183241157834953,1.10479037753851,0.026067803669163,0.055555555555556,0.022988505747127,-0.221950379552298,0.888461764346878,0.335302369589292,0.000814524868817,0.003225806451613,0,0.09952008097121,0,0.596146162760015,0,2.10256521740626,-0.728741447974001,0.229263860514396,0.158710231710039
Negative,Negative,C3.0,2015-04-06T16:34:17.70Z,12320,5415,0.758722423386269,-0.116516889540379,1.00963261797998,0.165695594587357,1.09609241151323,0.023983537167468,0.055555555555556,0.022988505747127,-0.20382918267117,0.850488254247236,0.311241852886153,0.000749399056131,0.003225806451613,0,0.047308893492743,0,0.8043489879935,0,2.06511658414728,-0.678726434627633,0.27036017965645,0.128413237281109
Negative,Negative,C3.0,2015-04-06T17:34:17.70Z,12320,5415,0.773678764514362,0.095458608965036,0.962935726635762,0.177342923429497,1.11403721288984,0.022065919413983,0.055555555555556,0.022988505747127,-0.061363914004711,0.762409917683045,0.378337331789051,0.000689480415922,0.003225806451613,0,0.088177863148261,0,0.927060709011001,0,2.1499590005234,-0.496452875350137,0.449986018873835,0.172996619326932
Negative,Negative,C3.0,2015-04-06T18:34:17.70Z,12320,5415,0.807808419010744,0.341901394281393,0.929369705496635,0.162568012141098,1.1173641703139,0.020301625910496,0.055555555555556,0.022988505747127,0.016393477969098,0.698071051729954,0.754504942757071,0.000634352605665,0.003225806451613,0,0.143101320106129,0,0.90961354488529,0,2.21532264062561,-0.338958790770083,0.681229650850902,0.203704142135658
Negative,Negative,B6.6,2015-04-06T19:34:17.70Z,12320,5415,0.829164506612608,0.194283923495138,1.02281840758905,0.167145771317422,1.13163538316128,0.119755852386117,0.111111111111111,0.03448275862069,-0.106377362920317,0.775296113088573,0.466728048460179,0.003346366338227,0.003225806451613,0,0.225640611763351,0,0.853201047545491,0,2.26059021929031,-0.424242749698086,0.509301274320766,0.27858451861041
Negative,Negative,B6.6,2015-04-06T20:34:17.70Z,12320,5415,0.769663217763056,0.148383695018005,0.948129044711185,0.165071217594496,1.12437596451992,0.11018070310702,0.111111111111111,0.03448275862069,-0.154267049845284,0.806186425479129,0.594247215040044,0.00307880565879,0.003225806451613,0,0.092246267367362,0,0.874719216633868,0,2.17742819030402,-0.502533728036626,0.459524808356099,0.190485128306233
Negative,Negative,C1.1,2015-04-06T21:34:17.80Z,12320,5415,0.783724112905882,0.114831717387609,0.974594038242627,0.172637808774221,1.13462132949354,0.101371140493546,0.055555555555556,0.03448275862069,-0.128249036560921,0.794873314518594,0.054765562703535,0.002832637950098,0.003225806451613,0,0.104759692465507,0,0.805512132268547,0,2.13775047173201,-0.447349989906742,0.442237561357682,0.212899977843084
Negative,Negative,C1.1,2015-04-06T22:34:17.80Z,12320,5415,0.776401997237931,0.192559997615216,0.946284368656106,0.178341658501277,1.1272964399998,0.093265951615691,0.055555555555556,0.03448275862069,-0.038577119049117,0.728864935339343,0.22999031961435,0.002606152724655,0.003225806451613,0,0.207209507801059,0,0.836917027694827,0,2.11017840109078,-0.325986305038908,0.52876751657586,0.278502412934451
Negative,Negative,C1.1,2015-04-06T23:34:17.80Z,12320,5415,0.802212380180765,0.303014792592607,0.937634819162451,0.167182637377118,1.13187537550003,0.085808817859106,0.055555555555556,0.03448275862069,0.002258829731209,0.69352954398414,0.55566265871425,0.00239777625799,0.003225806451613,0,0.139156200863364,0,0.667097963537906,0,2.09155696532189,-0.268420899606816,0.639427673535907,0.251571751219847
Negative,Negative,C1.1,2015-04-07T00:34:17.90Z,12320,5415,0.835280063658984,0.492349023515467,0.961162907744765,0.176010382944464,1.13704936939982,0.078947923597215,0.055555555555556,0.03448275862069,0.035350274590854,0.673214734339976,0.869657379521654,0.002206060653694,0.003225806451613,0,0.162457061390944,0,0.857853624645681,0,2.0667283842967,-0.176600024040838,0.796742585988533,0.279651892397879
Negative,Negative,C1.1,2015-04-07T01:34:17.90Z,12320,5415,0.812062286018707,0.555471664610579,0.922989815857059,0.182145230423973,1.13531760900612,0.0726355961522,0.055555555555556,0.03448275862069,0.054705925504081,0.652558106255111,0.97578115286756,0.002029673782765,0.003225806451613,0,0.235811622311104,0,0.818888291431592,0,2.02334695474303,-0.133730012601094,0.851731550410348,0.343530108294104
Negative,Negative,C1.1,2015-04-07T02:34:18.00Z,12320,5415,0.841210149710639,0.447476412093794,0.964709058792217,0.190959235005432,1.17248951586195,0.066826427617152,0.055555555555556,0.03448275862069,0.038043288910071,0.676811383953916,0.710803774544625,0.001867346801232,0.003225806451613,0,0.192661880593363,0,0.965444470087566,0,1.96662530693135,-0.141077709597268,0.747731042457424,0.310523626558522
Negative,Negative,C1.1,2015-04-07T03:34:18.00Z,12320,5415,0.801117503018378,0.457269658786248,0.948621266285148,0.171872335316521,1.17485750750485,0.061483281478792,0.055555555555556,0.03448275862069,-0.040333324351244,0.682543139491138,0.716263070827465,0.001718041994649,0.003225806451613,0,0.199812409220874,0,0.889840092209484,0,1.89217385747599,-0.165097077708897,0.728697567128704,0.337864816652923
Negative,Negative,C1.1,2015-04-07T04:34:18.00Z,12320,5415,0.808659990137045,0.625596701706545,0.972408040658157,0.17340830942188,1.1877817499015,0.056567349717645,0.055555555555556,0.03448275862069,-0.060374256794002,0.671994262602232,1.20159954060163,0.001580674941276,0.003225806451613,0,0.283153053224283,0,0.974168052150421,0,1.87245502586069,-0.081333331952517,0.837466780703451,0.388688230071641
Negative,Negative,C1.1,2015-04-07T05:34:18.00Z,12320,5415,0.874647778022416,0.806592072917082,1.03058360069903,0.160786040873764,1.22573187560406,0.052044474158103,0.055555555555556,0.03448275862069,-0.011408161849932,0.611767292586326,1.46834393680495,0.001454291151065,0.003225806451613,0,0.433005941961183,0,0.949742022374425,0,1.88322322260366,0.076718164123799,1.02741976189318,0.48836452068606
Negative,Negative,C1.1,2015-04-07T06:34:18.00Z,12320,5415,0.901710588757561,0.840464127990982,0.969508604087444,0.142693184212672,1.2739510637839,0.047883227761483,0.055555555555556,0.03448275862069,0.110484202462521,0.530166955186739,1.16226044982551,0.001338012450782,0.003225806451613,0,0.306207343799191,0,1.02127539528984,0,1.78109682164647,0.115681227712474,1.18951991883106,0.411349396636369
Negative,Negative,C1.1,2015-04-07T07:34:18.00Z,12320,5415,0.852135986749143,0.842985439782789,0.924287350934199,0.159568120319788,1.26742628256248,0.044054696256376,0.055555555555556,0.03448275862069,0.100334357880347,0.542243580601134,0.831480780810371,0.001231030882047,0.003225806451613,0,0.268050643623074,0,1.07070902697936,0,1.65842854218917,-0.004967956964698,1.15376427433772,0.407900958246085
Negative,Negative,C1.1,2015-04-07T08:34:18.00Z,12320,5415,0.809580365019452,0.821175250474595,0.968261369025162,0.153833437160985,1.24919770670556,0.04053227722887,0.055555555555556,0.03448275862069,-0.011647972992678,0.56849235837586,0.72838951735053,0.001132603087263,0.003225806451613,0,0.2771120893838,0,1.04860928575345,0,1.53301677311582,-0.076417976030939,1.04891752787272,0.434831619960689
Negative,Negative,C1.1,2015-04-07T09:34:18.00Z,12320,5415,0.824750097507064,0.755003450575583,0.98582993237778,0.152472744412184,1.25743436604273,0.037291495276629,0.055555555555556,0.03448275862069,-0.015827467399416,0.550519184954938,0.825274734956456,0.001042045144429,0.003225806451613,0,0.275632669667763,0,1.05733286781631,0,1.48754343272992,-0.051891870195435,0.99582226331344,0.442221130797013
Negative,Negative,C1.1,2015-04-07T10:34:18.00Z,12320,5415,0.792230849765923,0.67585447573032,0.941686536685767,0.132849611127687,1.28131491332929,0.034309831942438,0.055555555555556,0.03448275862069,-0.002626886055362,0.513827314103481,0.430812957170839,0.000958727814923,0.003225806451613,0,0.338569650087497,0,1.02185696742736,0,1.46460100081576,-0.018193811557811,0.971796807706615,0.47760867713541
Negative,Negative,C1.1,2015-04-07T11:34:18.00Z,12320,5415,0.826943840455381,0.842794516395436,0.939728428964529,0.148615213983933,1.28304667372299,0.031566569245511,0.055555555555556,0.03448275862069,0.095906576677169,0.468536730519536,0.927620147100521,0.00088207217127,0.003225806451613,0,0.423019858877934,0,1.02011225101479,0,1.45691922989084,0.112326623980428,1.16842459852828,0.533112114083801
Negative,Negative,C1.1,2015-04-07T12:34:17.90Z,12320,5415,0.820492241875558,0.75910830340367,0.923623185431897,0.155720644271453,1.28625012082412,0.029043318014589,0.055555555555556,0.03448275862069,0.123367196076992,0.453680221660033,0.779517310657662,0.000811564360471,0.003225806451613,0,0.413773485652704,0,1.05675129567879,0,1.41676140063602,0.163289236870441,1.10733417174004,0.540747941948003
Negative,Negative,C1.1,2015-04-07T13:34:17.90Z,12320,5415,0.816510598424363,0.744317356277567,0.952013437695281,0.1598704220093,1.26615040626789,0.026721142521626,0.055555555555556,0.03448275862069,0.113124867155983,0.463116569476679,1.1598920500231,0.000746675256964,0.003225806451613,0,0.373151085949858,0,1.10327706668068,0,1.38246778043548,0.141104259319235,1.07978318174576,0.526461554331109
Negative,Negative,C1.1,2015-04-07T14:34:17.90Z,12320,5415,0.788064732475892,0.793199358833651,0.950648664843179,0.180060957467127,1.27454110266918,0.024584637929536,0.055555555555556,0.03448275862069,0.091359887038347,0.478638724773336,1.04209185605843,0.000686974399712,0.003225806451613,0,0.413526915700031,0,1.07129059911688,0,1.30335239863286,0.150712006563887,1.07238893155469,0.558482767955181
Negative,Positive,M1.4,2015-04-07T15:34:17.90Z,12320,5415,0.721429790420768,0.965502100525886,0.858170034465876,0.194731638350384,1.27488010496815,0.022618958812754,0.055555555555556,0.03448275862069,0.142191622930767,0.46650596917289,1.65043974790864,0.001218291566028,0.003225806451613,0,0.393739676998038,0,1.05442500712869,0,1.27056769772115,0.199809824630043,1.23421895372324,0.557908028223467
Positive,Positive,M1.4,2015-04-07T16:34:17.90Z,12320,5415,0.795297104114139,1.36168497546436,0.847892406940303,0.204231686788196,1.27480599844536,0.020810446720405,0.055555555555556,0.03448275862069,0.289257426565396,0.424540019685864,1.89267225412158,0.001120882350714,0.003225806451613,0,0.414698122975226,0,1.09106405179269,0,1.29261849551009,0.242375793435463,1.71033699761952,0.576792333694073
Positive,Positive,M1.4,2015-04-07T17:34:17.90Z,12320,5415,0.854219045394158,1.46541252873444,0.826284957700813,0.210694307053007,1.29214790696584,0.01914653527105,0.055555555555556,0.03448275862069,0.453490666756675,0.390646022723763,1.84865624742718,0.001031261546231,0.003225806451613,0,0.400458708208372,0,1.08931933538011,0,1.31713843395347,0.415659825491433,1.98411720809553,0.565872278791505
Positive,Positive,M1.4,2015-04-07T18:34:17.90Z,12320,5415,0.857032022147432,1.62749525380955,0.843732903670865,0.209113423384018,1.29805653993077,0.017615662835633,0.055555555555556,0.03448275862069,0.360697714414121,0.3998650459739,2.09984286186907,0.000948806425632,0.003225806451613,0,0.557153913131941,0,1.05558815140374,0,1.33119881823569,0.5562035332079,2.03220119703603,0.67852126620747
Positive,Positive,M1.4,2015-04-07T19:34:17.90Z,12320,5415,0.808098591373453,1.6951719792324,0.798145692246259,0.227709669332967,1.29532564777049,0.016207192201917,0,0.03448275862069,0.336571267607053,0.435088176957,2.23056445829554,0.000872944052467,0.000709677419355,0,0.414636480487058,0,1.06954588270431,0,1.29769395129977,0.508347222565235,2.01291826051727,0.58007656073244
Positive,Positive,M1.4,2015-04-07T20:34:17.90Z,12320,5415,0.783027100941848,1.80007876518906,0.784174093221408,0.246199003708795,1.28179630301012,0.014911336662198,0,0.03448275862069,0.387475794407666,0.424560888601192,2.13733903219211,0.000803147299756,0.000709677419355,0,0.434300434212715,0,1.10036920599306,0,1.21775552261233,0.457536630992384,2.12506278047,0.628683120900261
Positive,Positive,M1.4,2015-04-07T22:34:18.00Z,12320,5415,0.853055364475665,2.06625965952146,0.793946154271117,0.250216398777731,1.25004842471179,0.108367732073037,0.055555555555556,0.045977011494253,0.586817186469835,0.360695531140691,2.18302729083296,0.00163940259666,0.001182795698925,0,0.454334242867381,0,1.13235567355687,0,1.14848240980725,0.597447423291733,2.65224732167836,0.625973633593609
Positive,Positive,M1.4,2015-04-07T23:34:18.00Z,12320,5415,0.860080327689706,2.03612184128843,0.796054648771469,0.257884539194621,1.230522685279,0.099703126619845,0.055555555555556,0.045977011494253,0.623382652208181,0.342860524331589,2.324596817075,0.001508323202386,0.001182795698925,0,0.499641471671009,0,1.16783157394581,0,1.09128065131277,0.63123872167055,2.64778320679134,0.660540123172415
Positive,Positive,M1.4,2015-04-08T00:34:18.00Z,12320,5415,0.899520834432787,2.13567715700547,0.824637375581502,0.256972271790129,1.22259871980003,0.192106940933831,0.111111111111111,0.057471264367816,0.633979213596802,0.339407798271628,2.43821862681178,0.002302241360934,0.001182795698925,0,0.499333259230168,0,1.08292204186735,0,1.03147257768304,0.655308763554567,2.77085715899294,0.638782119043238
Positive,Positive,M1.4,2015-04-08T01:34:18.10Z,12320,5415,0.843434804491409,2.13726069804175,0.755057057069879,0.252483996595069,1.23305294822691,0.176746918017697,0.111111111111111,0.057471264367816,0.683590704641257,0.309694780552622,2.27344716622228,0.002118164305256,0.001182795698925,0,0.513264461556182,0,1.09222719606773,0,0.990114471721196,0.675266628809347,2.86404262850238,0.688209735970651
Positive,Positive,M1.4,2015-04-08T02:34:18.10Z,12320,5415,0.866566826725525,2.06030734215105,0.788226837275639,0.262888268933439,1.22302227072508,0.162615014725129,0.111111111111111,0.057471264367816,0.688461463391898,0.32264646117521,2.26522513606121,0.001948805238318,0.001182795698925,0,0.485278771927818,0,1.10444021095573,0,0.959593149742722,0.649280611591362,2.75025800459301,0.67852126620747
Positive,Positive,M1.4,2015-04-08T03:34:18.10Z,12320,5415,0.805992598143069,2.10706672587127,0.748177246874475,0.270137811999774,1.25873032533002,0.14961303603272,0.111111111111111,0.057471264367816,0.620525359777666,0.326854785893562,2.38287562080955,0.001792987374714,0.001182795698925,0,0.5554895659514,0,1.10734807164335,0,0.894469564981911,0.620475612415465,2.67513159570863,0.730083630709822
Positive,Positive,M1.4,2015-04-08T04:34:18.20Z,12320,5415,0.777833913089651,1.86759825958704,0.71612073944653,0.260773832836841,1.29832505021788,0.137650638157639,0.111111111111111,0.057471264367816,0.546054028597703,0.325498306397308,2.09340087429021,0.001649628019607,0.001182795698925,0,0.591242209088957,0,1.11374536515611,0,0.848653288394,0.634413940248345,2.35894160468665,0.754222699441815
Positive,Positive,M1.4,2015-04-08T05:34:18.20Z,12320,5415,0.833312675096698,1.96946711752729,0.755316256126033,0.253626509299665,1.34341289067175,0.126644700807098,0.111111111111111,0.057471264367816,0.516693367066892,0.335127511776286,2.29836476818893,0.001517731045655,0.001182795698925,0,0.562948307019752,0,1.12886624073173,0,0.833049691202758,0.689607306394982,2.44179855398512,0.734353125859698
Positive,Positive,M1.4,2015-04-08T06:34:18.20Z,12320,5415,0.966811905060635,2.09759355662232,0.846880247457661,0.256275503261864,1.42168052993029,0.116518749619973,0.111111111111111,0.057471264367816,0.576262754065751,0.318435977603549,2.33251344043475,0.001396379971465,0.001182795698925,0,0.696281008927573,0,1.17655515600867,0,0.769606493831774,0.72952810428178,2.64760954872534,0.79560396012523
Positive,Positive,M1.4,2015-04-08T07:34:18.20Z,12320,5415,0.910685988883834,2.21751029006117,0.765884905166138,0.268512018767154,1.44941963262613,0.107202424787448,0.111111111111111,0.057471264367816,0.788929369438057,0.268477953164059,2.59017946975957,0.001284731593446,0.001182795698925,0,0.6117075151608,0,1.19749175295952,0,0.698652993636873,0.655771415096464,3.05175321545896,0.753976382413937
Positive,Positive,M1.4,2015-04-08T08:34:18.20Z,12320,5415,0.844443926247635,2.07022412750591,0.715575651530421,0.246106838559554,1.45857549154335,0.098630992160412,0.111111111111111,0.057471264367816,0.628040023912886,0.283163912612096,2.1522291108487,0.001182010126848,0.001182795698925,0,0.572194680244983,0,1.14863969340753,0,0.602356508113778,0.483755240825628,2.73216173152522,0.770479623281728
Positive,Positive,M1.4,2015-04-08T09:34:18.20Z,12320,5415,0.81547355630334,1.8270326551683,0.761361496687169,0.245373874263587,1.48480816413533,0.090744893446536,0.111111111111111,0.057471264367816,0.480067823900893,0.301178823863673,1.99382628032206,0.001087501815242,0.001182795698925,0,0.563749659365939,0,1.12712152431915,0,0.515319300044828,0.506082104939518,2.27679858299282,0.776965971682502
Positive,Positive,M1.4,2015-04-08T10:34:18.10Z,12320,5415,0.854191125029361,1.66684793317922,0.844429404897003,0.251449065755586,1.51766462790896,0.083489332371618,0.111111111111111,0.057471264367816,0.443152612805714,0.31372032235742,1.83160736187105,0.001000549971013,0.001182795698925,0,0.618364903882966,0,1.14922126554506,0,0.480579862781689,0.509036385869704,2.05788329546292,0.776883866006542
Positive,Positive,M1.4,2015-04-08T11:34:18.10Z,12320,5415,0.904530545602034,1.67999918533159,0.887985111639917,0.258652693820299,1.50382259093559,0.076813893929639,0.111111111111111,0.057471264367816,0.474629694920636,0.321520978983093,2.01295911816956,0.000920550412388,0.001182795698925,0,0.577927431644626,0,1.16783157394581,0,0.450744413207225,0.496170315060542,2.09002933301304,0.744534229678635
Positive,Positive,M1.4,2015-04-08T12:34:18.10Z,12320,5415,0.866600730025636,1.59295496687991,0.849375744113141,0.233788882576934,1.489646169748,0.070672194075893,0.111111111111111,0.057471264367816,0.452216825863294,0.292029603537215,1.86623061233265,0.000846947265302,0.001182795698925,0,0.667863821882032,0,1.19051288730924,0,0.413535835289648,0.483010336371533,2.04588297180708,0.808248234222941
Positive,Positive,M1.4,2015-04-08T13:34:18.10Z,12320,5415,0.805787184030636,1.25239818238607,0.812050053496147,0.211189987982928,1.49528769742916,0.065021557429125,0.111111111111111,0.057471264367816,0.410721770366315,0.287621225078832,1.36695935841132,0.000779229100927,0.001182795698925,0,0.64462460384262,0,1.18237087738391,0,0.367170860778528,0.480836431536113,1.72325936291149,0.779839670341073
Positive,Positive,M1.4,2015-04-08T14:34:18.00Z,12320,5415,0.767284003820018,1.4162048333411,0.752619046145665,0.195065108617639,1.49659028523925,0.059822720743166,0.111111111111111,0.057471264367816,0.413164752901567,0.276421813725941,1.90490349709608,0.000716925382024,0.001182795698925,0,0.622125095661226,0,1.16376056898315,0,0.328744859343832,0.498420230554543,1.92933911418242,0.774831224107563
Positive,Negative,C5.4,2015-04-08T15:34:18.00Z,12320,5415,0.753243051794905,1.61134538139699,0.697110926688608,0.184959116216814,1.49793584904144,0.05503956008768,0.111111111111111,0.057471264367816,0.525457192986209,0.247029025914538,2.14788604648285,0.013077547864788,0.01505376344086,0.038461538461539,0.580639701124026,0.164288486734292,1.14398711630734,0.090909090909091,0.31246910719666,0.508043179930911,2.30512827780686,0.791170253623436
Positive,Negative,C5.4,2015-04-08T16:34:18.00Z,12320,5415,0.832403268929033,1.65319691098349,0.715880017946855,0.185780223910056,1.49738557306685,0.050638839842325,0.111111111111111,0.057471264367816,0.643094779144409,0.234587554290807,2.34225501914161,0.012031924870046,0.01505376344086,0.038461538461539,0.56849613095489,0.151152704607789,1.13933453920715,0.090909090909091,0.306872388379933,0.584267175093769,2.50718908526471,0.755043756201407
Positive,Negative,C5.4,2015-04-08T17:34:18.00Z,12320,5415,0.887011513847953,1.71381508646803,0.823701692652061,0.191938531609372,1.5159419046152,0.04658998176024,0.111111111111111,0.057471264367816,0.607510494963078,0.244675875806979,2.31663977222684,0.011069905273925,0.01505376344086,0.038461538461539,0.627796204572701,0.139067201630512,1.12305051935649,0.090909090909091,0.270514292243328,0.728048430128067,2.50654406959101,0.781399678184296
Positive,Negative,C5.4,2015-04-08T23:10:18.10Z,12320,5415,0.781742764161197,1.9041095497214,0.793741361353483,0.1488136204143,1.39534262193003,0.029216069044917,0.055555555555556,0.057471264367816,0.430850700037128,0.214198624016343,2.46692087776736,0.006941816772285,0.01505376344086,0.038461538461539,0.629029054336065,0.087207524261962,1.16666842967077,0.090909090909091,0.067331451279215,0.862404870236033,2.61763699347743,0.804717690156697
Positive,Negative,C5.4,2015-04-08T23:34:18.10Z,12320,5415,0.777393170188216,1.84379460549913,0.780652065650469,0.140468149936985,1.40844098438352,0.028258252373038,0.055555555555556,0.057471264367816,0.410674406419203,0.20999677585792,2.42414296629205,0.00671423694875,0.01505376344086,0.038461538461539,0.608563748264222,0.084348521549344,1.15503698692029,0.090909090909091,0.039546760192744,0.853947417624575,2.55295487684802,0.795275537421394
Positive,Negative,C5.4,2015-04-09T01:34:18.20Z,12320,5415,0.749680213815661,1.89401868716043,0.768308544657536,0.120286663421083,1.43313248347521,0.023920094211123,0,0.057471264367816,0.377351875354437,0.199132706385801,2.20209874790177,0.006191883258603,0.01505376344086,0.038461538461539,0.607515825965363,0.071399482013062,1.17829987242124,0.090909090909091,-0.045854642192641,0.822904664660051,2.63553893489993,0.776309126274828
Positive,Negative,C5.4,2015-04-09T02:34:18.30Z,12320,5415,0.724987642620584,1.94772992833779,0.719130014825197,0.122038806694663,1.45846041617608,0.022007549076351,0,0.057471264367816,0.421620463880724,0.195441067226234,2.13126982056193,0.005696807608115,0.01505376344086,0.038461538461539,0.588221727168715,0.065690694633545,1.19051288730924,0.090909090909091,-0.085439767990116,0.727800128643369,2.76280824545784,0.772450159504748
Positive,Negative,C5.4,2015-04-09T03:34:18.30Z,12320,5415,0.750690332727772,1.78064388743529,0.716464114037751,0.128481653345636,1.49800513511952,0.020247922607378,0,0.057471264367816,0.426436380166288,0.214409472022923,1.93286169324648,0.005241316021064,0.01505376344086,0.038461538461539,0.554318358676204,0.060438356690713,1.12014265866887,0.090909090909091,-0.170710854618739,0.664691012512095,2.55556388255383,0.770069094901932
Positive,Negative,C5.4,2015-04-09T04:34:18.30Z,12320,5415,0.749081920284302,1.77456803140247,0.691715480196957,0.133271224792217,1.52040636524725,0.018628988102765,0,0.057471264367816,0.404207482650887,0.238280632685913,1.67593971872683,0.004822243530487,0.01505376344086,0.038461538461539,0.483984279676286,0.055605972502666,1.16608685753324,0.090909090909091,-0.236139652599334,0.575006036452247,2.4951543056434,0.732382589636679
Positive,Negative,C5.4,2015-04-09T05:34:18.30Z,12320,5415,0.789050919646749,1.79121205846465,0.738352319482619,0.146097262106656,1.54952938965263,0.017139496454145,0,0.057471264367816,0.356599237285338,0.259877081578262,1.79221736996138,0.004777976398415,0.01505376344086,0.038461538461539,0.480840512779708,0.051159964421109,1.1945838922719,0.090909090909091,-0.261160277897643,0.607467655043618,2.39144184956185,0.71275933308244
Positive,Negative,C5.9,2015-04-09T07:34:18.30Z,12320,5415,0.94691266220763,2.28794417381315,0.829621183176054,0.157849156499935,1.58731503454259,0.21452683028328,0.111111111111111,0.080459770114943,0.463122748611736,0.260821220092365,2.29141376927454,0.011069411129872,0.01505376344086,0.038461538461539,0.542236430995237,0.043305974928523,1.25681211098694,0.090909090909091,-0.334984154103328,0.561924602110438,3.05363313293531,0.697241360326159
Positive,Negative,C5.9,2015-04-09T08:34:18.30Z,12320,5415,0.872376256915022,2.17873599624729,0.744686015231,0.162548238527261,1.58167933087995,0.197374211990264,0.111111111111111,0.080459770114943,0.546920290261989,0.233922627471423,2.35065520327012,0.010184349883274,0.01505376344086,0.038461538461539,0.552222514078485,0.039843420353065,1.24401752396142,0.090909090909091,-0.379881361669865,0.465532952275117,3.06021146586391,0.736241556406759
Positive,Negative,C5.9,2015-04-09T10:34:18.30Z,12320,5415,0.850687119247368,1.94336676739741,0.817916164412536,0.184242238928714,1.59686311642981,0.167073663414445,0.111111111111111,0.080459770114943,0.447279508302764,0.254537517725633,1.80568670815496,0.009420469734327,0.01505376344086,0.038461538461539,0.573242602543842,0.033726727186004,1.24750695678656,0.090909090909091,-0.483893911738079,0.412279884873193,2.54987175705726,0.746422660225695
Positive,Negative,C5.9,2015-04-09T11:34:18.30Z,12320,5415,0.885345266363117,1.87122580394674,0.870912362719465,0.189916260662016,1.59937309567025,0.153715190856119,0.111111111111111,0.080459770114943,0.393644823877041,0.279321153720852,2.00130275858578,0.008667250562252,0.01505376344086,0.038461538461539,0.572564535173992,0.03103008697121,1.25390425029932,0.090909090909091,-0.513626480451941,0.378237244583335,2.37491676851975,0.714237235249705
Positive,Negative,C5.9,2015-04-09T12:34:18.20Z,12320,5415,0.898010143266105,1.96983773351451,0.879892968433356,0.180785543113163,1.60272113966084,0.141424802790854,0.111111111111111,0.080459770114943,0.343999928785676,0.295886035166088,2.38560931109981,0.007974255469993,0.01505376344086,0.038461538461539,0.594385975985535,0.028549058203324,1.23762023044866,0.090909090909091,-0.560334391165065,0.342664256367377,2.42826976370079,0.711035113887297
Positive,Negative,C5.9,2015-04-09T13:34:18.20Z,12320,5415,0.922402570539617,2.01460365245501,0.917808914326739,0.185227903306602,1.61629225612474,0.130117099897778,0.111111111111111,0.080459770114943,0.342616652246072,0.300546279843934,2.34976293634077,0.007807629482247,0.01505376344086,0.038461538461539,0.601968002030224,0.026266401542896,1.25448582243685,0.090909090909091,-0.605053271906559,0.343530777875201,2.45419856684048,0.743056327511369
Positive,Negative,C5.9,2015-04-09T15:34:18.20Z,12320,5415,0.940434140418896,2.15220887619273,0.89045956441163,0.164691832325618,1.65843049936088,0.110141747159235,0.111111111111111,0.080459770114943,0.359962077530292,0.32389355877044,2.29969119184565,0.007208276110586,0.005806451612903,0.038461538461539,0.51160011437564,0.0222340288847,1.24634381251151,0,-0.725938283113436,0.36075479310968,2.69707315452349,0.67474440511335
Positive,Negative,C5.9,2015-04-09T16:34:18.20Z,12320,5415,0.956662852457013,2.28459739914072,0.881476905635909,0.138672437683764,1.66009417961027,0.10133529929137,0.111111111111111,0.080459770114943,0.335938335703277,0.324359151467563,2.49780588909709,0.00663193417465,0.005806451612903,0.038461538461539,0.456306802488763,0.020456294090075,1.27891185221284,0,-0.760231903313968,0.42017992598839,2.89995952691414,0.586316592105336
Positive,Negative,C6.2,2015-04-09T18:34:18.20Z,12320,5415,0.978170507753488,2.24239771514199,1.06267808977085,0.164993128577139,1.61289761998591,0.181924102533348,0.166666666666667,0.091954022988506,0.116031019237203,0.428069744847204,2.41571134322811,0.010782078955419,0.006344086021505,0.038461538461539,0.470299647302945,0.017315879106237,1.19632860868448,0,-0.878167663183598,0.42971166257446,2.35126757205592,0.57999445505648
Positive,Negative,C3.3,2015-04-09T19:34:18.20Z,12320,5415,0.849010900203677,2.1814538468202,0.854405745598889,0.137725650241556,1.59360705244714,0.267197794307457,0.222222222222222,0.103448275862069,0.216659713419611,0.350485594221407,2.31155115596364,0.015558584371862,0.006666666666667,0.038461538461539,0.482073362543072,0.01593137785609,1.22075463846047,0,-0.944937341714034,0.367600819759218,2.57936468526576,0.611851457328634
Positive,Negative,C3.3,2015-04-09T20:34:18.20Z,12320,5415,0.872540787636146,2.28114393198713,0.872438814190752,0.117632977414924,1.55891781117197,0.245833838253851,0.222222222222222,0.103448275862069,0.192359764995754,0.364406599980045,2.3603548633964,0.014957102233291,0.006666666666667,0.038461538461539,0.414328268046218,0.014657575213845,1.14107925561972,0,-0.958757670654849,0.353964507609768,2.71355413192978,0.568171237718362
Positive,Negative,C3.3,2015-04-09T21:34:18.20Z,12320,5415,0.862377774850126,2.25949097370382,0.912212267775658,0.093501460175532,1.51936164490623,0.226178049812343,0.222222222222222,0.103448275862069,0.086450239994288,0.3742682418987,2.57682989893906,0.013761198368779,0.006666666666667,0.038461538461539,0.413835128140872,0.013485620207507,1.10269549454316,0,-0.927550476272364,0.406751376305727,2.58680993028572,0.517347824299643
Positive,Negative,C3.3,2015-04-09T22:34:18.20Z,12320,5415,0.874212020900409,2.40421090131731,0.979147216118144,0.081133902585319,1.48583742121359,0.208093851441599,0.222222222222222,0.103448275862069,-0.011368027136853,0.405518363174204,2.99623128594613,0.012660913697801,0.006666666666667,0.038461538461539,0.411739283543153,0.012407369549729,1.12886624073173,0,-0.975904480755115,0.383061387714616,2.5668489003664,0.47177917414231
Positive,Negative,C3.3,2015-04-09T23:34:18.30Z,12320,5415,0.839204869224701,2.14707640630919,0.98716134297513,0.073937312586549,1.49964411264624,0.191455585737548,0.222222222222222,0.103448275862069,-0.076092605852958,0.42034968541176,2.63423739503454,0.011648602931766,0.006666666666667,0.038461538461539,0.449094631373083,0.01141533105447,1.12944781286925,0,-1.02199510630463,0.377765978500132,2.24003544606898,0.486968724194755
Positive,Negative,C7.9,2015-04-10T00:34:18.30Z,12320,5415,0.878343237734444,2.44559635322292,0.993398031552,0.097120701799744,1.48594546827375,0.274044995186425,0.277777777777778,0.114942528735632,-0.025040253680568,0.419413462693125,2.99759813109126,0.013660625872927,0.006666666666667,0.038461538461539,0.436642848763106,0.01050261157781,1.10444021095573,0,-1.05327088792752,0.415203761539946,2.50515067034718,0.454619087866846
Positive,Negative,C7.9,2015-04-10T01:34:18.40Z,12320,5415,0.868827379118177,2.43797626391004,0.984050441035832,0.094183817425916,1.47901420675335,0.25213356717839,0.277777777777778,0.114942528735632,-0.043005648104091,0.436145295460977,3.0786162676948,0.012568382534727,0.006666666666667,0.038461538461539,0.476772108560606,0.009662869121185,1.12363209149401,0,-1.08194035441516,0.37141655481999,2.47244782439498,0.462583338434884
Positive,Negative,C7.9,2015-04-10T02:34:18.40Z,12320,5415,0.867127228333231,2.47949648526555,1.00372082643785,0.105183644201384,1.51501808365999,0.231974080223045,0.277777777777778,0.114942528735632,-0.015262590009122,0.440457245138194,3.05638744325351,0.011563470152,0.006666666666667,0.038461538461539,0.494401860176712,0.008890268764241,1.19749175295952,0,-1.10940954419579,0.344377029874071,2.52144834201713,0.501501428839526
Positive,Negative,C7.9,2015-04-10T03:34:18.40Z,12320,5415,0.918814803663233,2.34722588558622,1.0033851508285,0.11743658186054,1.50109832565289,0.213426456847987,0.277777777777778,0.114942528735632,0.052827571075191,0.462168832873726,2.76889933803492,0.010638906127081,0.006666666666667,0.038461538461539,0.45297810812768,0.008179442121093,1.19807332509705,0,-1.18259212970372,0.240521133366084,2.49932209922732,0.492798227187854
Positive,Negative,C7.9,2015-04-10T04:34:18.50Z,12320,5415,0.900698475533678,2.45034697633176,0.940523477158552,0.144485545005921,1.5045116397811,0.196361819557117,0.277777777777778,0.114942528735632,0.127028678472683,0.460546094802611,2.89549794264355,0.010565450536676,0.006666666666667,0.038461538461539,0.471532497066309,0.007525450038296,1.18295244952143,0,-1.29174872280202,0.129763469058934,2.62981373167651,0.551339574146734
Positive,Negative,C7.9,2015-04-10T05:34:18.50Z,12320,5415,0.888936024707158,2.40212197484392,0.959529183792812,0.142443835590724,1.50778758604172,0.180661595329976,0.277777777777778,0.114942528735632,0.072162282138115,0.483588255794681,2.95009240256412,0.009720683754311,0.006666666666667,0.038461538461539,0.44373173490245,0.006923748275306,1.14573183271991,0,-1.33156361585483,0.073931106642491,2.48752299840986,0.524162595404252
Positive,Negative,C7.9,2015-04-10T06:34:18.50Z,12320,5415,0.92473990393546,2.54754944206936,1.04384073420673,0.147164366961873,1.51921041949399,0.166216691721368,0.222222222222222,0.114942528735632,-0.022477116290011,0.549688026430708,3.10441116566917,0.008943460794532,0.006666666666667,0.038461538461539,0.431834734685987,0.006370155928995,1.15445541478277,0,-1.32178993409768,0.027311236046079,2.39900837958029,0.471861279818269
Positive,Negative,C7.9,2015-04-10T07:34:18.50Z,12320,5415,0.90024277529396,2.67637780538259,0.982250419075575,0.135119219821008,1.49113814016292,0.152926738836409,0.166666666666667,0.114942528735632,0.040492503543627,0.501980966375453,3.28587819806425,0.008228381151465,0.006666666666667,0.038461538461539,0.476710466072438,0.005860826382789,1.17946301669629,0,-1.35107668574894,0.079201178970781,2.68354849895501,0.469480215215454
Positive,Negative,C2.8,2015-04-10T08:34:18.50Z,12320,5415,0.850433841652426,2.42029338900492,0.888654923062254,0.110767176515431,1.48053067753096,0.342295872611643,0.277777777777778,0.137931034482759,0.137791761527992,0.428012895043383,2.99660855317129,0.01745057904819,0.008494623655914,0.038461538461539,0.430416957458118,0.005392220578598,1.16027113615801,0,-1.38969130209474,0.104487391392096,2.76733024636685,0.484916082295776
Positive,Negative,C2.7,2015-04-10T10:34:18.40Z,12320,5415,0.769274326967673,2.02974836938709,0.864763955801325,0.10120009887817,1.47013890758982,0.388875950659394,0.333333333333333,0.149425287356322,0.026100095719876,0.456132679019839,2.56844767991651,0.017300435041639,0.008494623655914,0.038461538461539,0.446320719405514,0.004564416176362,1.16376056898315,0,-1.42251029662665,-0.138189304571185,2.23234073985897,0.515213076724705
Positive,Negative,C2.7,2015-04-10T11:34:18.40Z,12320,5415,0.761632124260445,1.94412484555307,0.867894875093474,0.088976989212769,1.46421802444353,0.357783146387844,0.333333333333333,0.149425287356322,-0.034917381640951,0.484071838936051,2.59664541081304,0.015917168630717,0.008494623655914,0.038461538461539,0.35700075404979,0.004199465609105,1.14689497699496,0,-1.42775722051733,-0.169303000817052,2.09147786180163,0.426785263716691
Positive,Negative,C2.7,2015-04-10T12:34:18.40Z,12320,5415,0.7255889276196,1.75611023216044,0.856771899359021,0.068437566771813,1.42737427306347,0.329176385482642,0.333333333333333,0.149425287356322,-0.086425923409208,0.490210178513264,2.29323722752949,0.014644502095404,0.008494623655914,0.038461538461539,0.318844053873672,0.003863694878085,1.05326186285364,0,-1.45090541415269,-0.215720176323915,1.91162047849625,0.390166132238906
Positive,Negative,C2.7,2015-04-10T13:34:18.40Z,12320,5415,0.652405662863749,1.47995639853573,0.762901806325815,0.045493136654651,1.41418654153919,0.302856894891174,0.333333333333333,0.149425287356322,-0.1011518731342,0.471877915825163,1.74931220565219,0.013473592357904,0.008494623655914,0.038461538461539,0.288885804623926,0.003554770892414,1.03232526590279,0,-1.49000014118129,-0.239182132939283,1.72518062754641,0.377932386520992
Positive,Negative,C2.7,2015-04-10T14:34:18.30Z,12320,5415,0.671235954607393,1.2755897585557,0.761312736468685,0.040669715462349,1.37070313593039,0.278641794576605,0.333333333333333,0.149425287356322,-0.080594922951854,0.47245504927662,1.43144959753157,0.012396303393882,0.008494623655914,0.038461538461539,0.266632866395205,0.003270547104853,0.985217922763371,0,-1.55430067905729,-0.222206419189503,1.5908257922481,0.381955564642991
Positive,Negative,C2.7,2015-04-10T15:34:18.30Z,12320,5415,0.667665139381064,1.0518500101531,0.751502180509646,0.038213765594562,1.36363490961713,0.256362826782496,0.333333333333333,0.149425287356322,-0.064924685691807,0.470384708952629,1.36376007245826,0.011405149699592,0.008494623655914,0.038461538461539,0.2356266948466,0.003009048596602,0.95672088802471,0,-1.62343661738156,-0.101552167135092,1.41722836875033,0.338029028004841
Positive,Negative,C2.7,2015-04-10T16:34:18.30Z,12320,5415,0.696430095212926,1.20782318683292,0.814169326571112,0.035978676938957,1.332689951243,0.23586518689982,0.333333333333333,0.149425287356322,-0.143090404746507,0.528654318634418,1.68878776367263,0.010493244279121,0.008494623655914,0.038461538461539,0.182367585069273,0.002768458354652,0.95672088802471,0,-1.66572065108882,-0.080623899139094,1.45818410755324,0.245578036874828
Positive,Negative,C2.7,2015-04-10T17:34:18.30Z,12320,5415,0.762871589026244,1.06942619257706,0.967385224888818,0.05656703069551,1.3171860404531,0.217006447812681,0.277777777777778,0.149425287356322,-0.250257317901832,0.631557500876236,1.25187488963095,0.009654250790346,0.008494623655914,0.038461538461539,0.223298197212959,0.002547104646331,1.02243853956489,0,-1.68108419293866,-0.202595669275577,1.1640431779584,0.261260220983027
Positive,Negative,C2.7,2015-04-10T18:34:18.30Z,12320,5415,0.729847780406991,0.926896268524383,0.868891636612385,0.046868240681334,1.27032346361343,0.199655570248607,0.277777777777778,0.149425287356322,-0.226362455867748,0.614629212457203,0.816029442301742,0.008882339517089,0.008494623655914,0.038461538461539,0.129601615197292,0.002343449403334,0.958465604437281,0,-1.73622833422111,-0.324263396777736,1.10461490694471,0.21716947299296
Positive,Negative,N,2015-04-10T20:34:18.30Z,12320,5415,0.733738682672597,0.937228593016422,0.874494442348958,0.039593896811203,1.21787237575846,0.264883714497258,0.277777777777778,0.160919540229885,-0.175826869286745,0.582029088245374,1.06546146472819,0.009877316896196,0.008494623655914,0.038461538461539,0.071842603783687,0.001983687093128,0.900889962822434,0,-1.78297053855444,-0.143206008037538,1.18418613537544,0.200419915097291
Positive,Negative,N,2015-04-10T21:34:18.40Z,12320,5415,0.779418393791867,1.14635708689278,0.982266330304765,0.045229376754822,1.16019708569931,0.24370478204947,0.277777777777778,0.160919540229885,-0.264835192971116,0.642523036453911,1.50219618480243,0.009087570241869,0.008494623655914,0.038461538461539,0.129293402756451,0.001825080230404,0.946252589549284,0,-1.75539846791321,-0.166110553156645,1.2256380400812,0.202062028616474
Positive,Negative,N,2015-04-10T22:34:18.40Z,12320,5415,0.741970204508213,1.05598293994992,1.00118683487304,0.047079717805593,1.13890383725739,0.224219223543072,0.277777777777778,0.160919540229885,-0.320030644096147,0.677243874233624,1.06488209006098,0.008360968243583,0.008494623655914,0.038461538461539,0.144334169869493,0.001679154872234,0.90030839068491,0,-1.77299109507608,-0.218405886260447,1.08863147367989,0.206988369174024
Positive,Negative,N,2015-04-10T23:34:18.40Z,12320,5415,0.728104751918965,1.26756536089313,0.971146947428516,0.034022429753058,1.10767550747768,0.206291644273327,0.277777777777778,0.160919540229885,-0.342781292881576,0.680198624796816,1.70290983404942,0.007692462133402,0.008494623655914,0.038461538461539,0.058342898874851,0.001544897061496,0.924734420460906,0,-1.7998087060729,-0.243134687185501,1.23018347104674,0.168562912825138
Positive,Negative,C3.9,2015-04-11T00:34:18.50Z,12320,5415,0.690432202561051,0.99198429743048,0.896567936624067,0.019559539388091,1.08062203983118,0.189797475098373,0.222222222222222,0.160919540229885,-0.349667262939868,0.674694268474882,1.14020528807517,0.007077406820584,0.008494623655914,0.038461538461539,-0.021607408279307,0.001421373912607,0.982891634213276,0,-1.81626964376916,-0.290311969278175,1.06117006919584,0.116343702915113
Positive,Negative,C3.9,2015-04-11T01:34:18.50Z,12320,5415,0.726697764964385,0.852144146981982,0.922715218837174,0.025149774622082,1.09250116045729,0.174622106875007,0.222222222222222,0.160919540229885,-0.344299930596347,0.695709266209155,0.81662453643667,0.006511528615338,0.008494623655914,0.038461538461539,-0.015813014391496,0.001307727129394,1.00150194261404,0,-1.86119428623185,-0.328114603479179,0.959927416719582,0.092533056886957
Positive,Negative,C3.9,2015-04-11T02:34:18.50Z,12320,5415,0.786385521964544,0.508599973015446,0.988692927100994,0.033763697043187,1.10540572129075,0.160660094101155,0.222222222222222,0.160919540229885,-0.330174007296085,0.724396108988289,0.070849272941959,0.005990895533241,0.008494623655914,0.038461538461539,0.007487846136084,0.001203167041258,1.09571662889287,0,-1.89288159129715,-0.405848170321458,0.722075130564294,0.114373166692093
Positive,Negative,C3.9,2015-04-11T03:34:18.60Z,12320,5415,0.80459458559146,0.321584899709547,0.988298739229458,0.031079512751279,1.11220122230688,0.147814422231589,0.222222222222222,0.160919540229885,-0.297793769494916,0.714938892256316,-0.10756683533345,0.005511889973986,0.008494623655914,0.038461538461539,-0.01877185382357,0.001106967116176,1.03639627086546,0,-1.96558406612227,-0.419124698686958,0.61570267394803,0.11371632128442
Positive,Negative,C3.9,2015-04-11T04:34:18.60Z,12320,5415,0.785497056070476,0.117117182642098,0.891979856697425,0.014696906114111,1.11310977906889,0.135995833575834,0.222222222222222,0.160919540229885,-0.268962337752099,0.703341532276672,-0.172865953349554,0.005071183584617,0.008494623655914,0.038461538461539,-0.111112301099536,0.001018458912416,1.05558815140374,0,-2.09205893742184,-0.565267858252233,0.494617520073686,0.061907639754191
Negative,Negative,C3.9,2015-04-11T05:34:18.60Z,12320,5415,0.777452002385467,0.048581301976157,0.895039945356407,-0.001835845929821,1.09602915016844,0.125122207094305,0.222222222222222,0.160919540229885,-0.338051878120475,0.752859150640986,-0.272005941462689,0.004665714132587,0.008494623655914,0.038461538461539,-0.178795753108222,0.000937027433897,0.913102977710432,0,-2.13245682201806,-0.805258844278982,0.424127505903708,0.0005746998127
Negative,Negative,C3.9,2015-04-11T06:34:18.60Z,12320,5415,0.813564002782419,0.080459892270343,0.987641759443565,-0.00051637613868,1.11492147000391,0.115117987783208,0.222222222222222,0.160919540229885,-0.414661068302715,0.843062518479679,-0.399556232588629,0.004292664227944,0.008494623655914,0.038461538461539,-0.218431873000376,0.000862106856912,0.870066639533678,0,-2.13177094961405,-0.907518516956765,0.410906062831412,-0.067490905557442
Positive,Negative,C3.9,2015-04-11T07:34:18.60Z,12320,5415,0.812044337212766,0.386470774440801,0.966078964298897,-0.004294476965585,1.0988146680031,0.105913661683308,0.222222222222222,0.160919540229885,-0.402612926577077,0.830725391432582,0.267202790972442,0.003949441746799,0.008494623655914,0.038461538461539,-0.19155574815904,0.000793176598515,0.860761485333299,0,-2.16870517857003,-0.869411840121437,0.628292883732813,-0.091383657261558
Negative,Negative,C3.9,2015-04-11T08:34:18.60Z,12320,5415,0.787190226764222,-0.147294862660413,0.835458037961352,-0.049366586404632,1.09224610628531,0.097445272864667,0.111111111111111,0.160919540229885,-0.386115565230095,0.762967621454715,-0.015329340348616,0.003633661820046,0.003010752688172,0.038461538461539,-0.350839937585674,0.000729757699279,0.775270381117315,0,-2.26915119213738,-0.883093758666036,0.289067012432462,-0.192702061395159
Negative,Negative,C3.9,2015-04-11T09:34:18.60Z,12320,5415,0.764268604421968,-0.235057851511539,0.827188818171874,-0.048272334723638,1.10913434021428,0.089653979031167,0.055555555555556,0.160919540229885,-0.366927183835354,0.740830739617174,0.052810809465861,0.003343130262185,0.002903225806452,0.038461538461539,-0.372044953515535,0.000671409495254,0.879953365871581,0,-2.23972726600533,-0.924544904478933,0.225158087668323,-0.168727204015085
Negative,Negative,C3.9,2015-04-11T10:34:18.60Z,12320,5415,0.767136424748949,-0.391755413984547,0.833514301672931,-0.040090750638974,1.0912068085333,0.08248564265692,0.055555555555556,0.160919540229885,-0.36912462169742,0.757148072549566,-0.060919240034333,0.003075828325102,0.002903225806452,0.038461538461539,-0.424749280899348,0.000617726556038,0.845059037620159,0,-2.19161331686398,-1.01474421932851,0.101224114568457,-0.186215712994386
Negative,Negative,C3.9,2015-04-11T11:34:18.60Z,12320,5415,0.753999893112074,-0.312567131383065,0.846460909578696,-0.046571468787636,1.07056344817047,0.075890454813609,0.055555555555556,0.160919540229885,-0.409668409709244,0.784402875966607,-0.222109356750689,0.002829898670868,0.002903225806452,0.038461538461539,-0.459947141643392,0.000568335867651,0.945089445274236,0,-2.1925735382296,-1.10377803741318,0.158392074246949,-0.248616026723346
Negative,Negative,C3.9,2015-04-11T12:34:18.50Z,12320,5415,0.746051563547968,-0.298158031031668,0.867165524878041,-0.04883336912302,1.08858175392559,0.06982258907494,0.055555555555556,0.160919540229885,-0.44825133031063,0.824034385408089,-0.394472811235239,0.002603632466099,0.002903225806452,0.038461538461539,-0.455693809959786,0.000522894240665,0.852037903270444,0,-2.20790278645923,-1.11908151667418,0.164085577982137,-0.233098053967065
Negative,Negative,C3.9,2015-04-11T13:34:18.50Z,12320,5415,0.733968028526284,-0.353812198445034,0.824182109120496,-0.059248030987305,1.08336598667706,0.064239883093357,0.055555555555556,0.160919540229885,-0.451275892259631,0.820827768625433,-0.304484457691079,0.002395457508182,0.002903225806452,0.038461538461539,-0.474926266268265,0.000481085925566,0.778759813942457,0,-2.25485075251376,-1.17315043181154,0.126015870847458,-0.256087643235629
Negative,Negative,C3.9,2015-04-11T14:34:18.50Z,12320,5415,0.74690512898604,-0.34301941166585,0.845346097004508,-0.057748252649649,1.06622350143517,0.059103545636484,0.055555555555556,0.160919540229885,-0.443303542824949,0.836179374510624,-0.17226457142754,0.002203927300885,0.002903225806452,0.038461538461539,-0.458467721927355,0.000442620418774,0.778178241804933,0,-2.36798540555532,-1.18652830772182,0.134347323299458,-0.2531318389011
Negative,Negative,C3.9,2015-04-11T15:34:18.50Z,12320,5415,0.81079290657634,-0.393872417426666,0.906498083434757,-0.03700506144237,1.05729779325249,0.054377887047637,0.055555555555556,0.160919540229885,-0.425481237378491,0.870994482218192,0.078144902472354,0.002027711003428,0.002903225806452,0.038461538461539,-0.398921078356872,0.000407230444094,0.849130042582825,0,-2.47120920235892,-1.15034723423721,0.096646984114678,-0.253952895660692
Negative,Negative,C3.9,2015-04-11T16:34:18.40Z,12320,5415,0.899952602931251,-0.149226558108925,1.04117278035745,-0.00877135719674,1.06203759340919,0.050030071257522,0.055555555555556,0.160919540229885,-0.470844182366997,0.996827565079977,-0.215045776505612,0.001865584183187,0.002903225806452,0.038461538461539,-0.337155305212333,0.000374670095556,0.92531599259843,0,-2.50454260119384,-1.26836645012748,0.246100423484392,-0.212325317949398
Negative,Negative,C3.9,2015-04-11T17:34:18.40Z,12320,5415,0.916183309281139,-0.10055232512143,1.1401421657132,0.010444908847106,1.01532523511754,0.04602988762399,0.055555555555556,0.160919540229885,-0.512049071366932,1.10244514554984,0.266417566132769,0.001716420307762,0.002903225806452,0.038461538461539,-0.328217144427944,0.000344713128745,0.953813027337092,0,-2.47583884108599,-1.46042004747574,0.256150539494314,-0.196232605461403
Negative,Negative,C3.9,2015-04-11T18:34:18.40Z,12320,5415,0.886284587207351,-0.274494761787401,1.02948059323037,0.012734291154264,1.0100060405388,0.042349541014468,0.055555555555556,0.160919540229885,-0.463213351919386,1.04701011026367,-0.088535200916191,0.001579182917313,0.002903225806452,0.038461538461539,-0.344675688768854,0.000317151388751,1.0055729475767,0,-2.53400082094609,-1.49857739808346,0.164086956220756,-0.198942092768055
Negative,Negative,C3.9,2015-04-11T19:34:18.50Z,12320,5415,0.921643734910676,-0.310944282590565,1.00915784743158,0.00226600593042,0.958356266889932,0.038963458672476,0,0.160919540229885,-0.436578111618974,1.02199547696432,-0.240898162819054,0.001452918422751,0,0.038461538461539,-0.395407456531284,0.000291793363812,0.98812578345099,0,-2.65214234253693,-1.49168576503877,-0.023979216299531,-0.228910664493148
Negative,Negative,C3.9,2015-04-11T20:34:18.50Z,12320,5415,0.974423195935409,-0.299151955724652,1.08853229740759,0.013493731984014,0.941647575606803,0.035848112526252,0,0.160919540229885,-0.458557974486138,1.07304012423635,-0.084705489453148,0.001336749479765,0,0.038461538461539,-0.399969000655731,0.000268462854601,1.00208351475156,0,-2.5990558184665,-1.40437485521527,-0.026774284218912,-0.243525474813878
Negative,Negative,C3.9,2015-04-11T21:34:18.50Z,12320,5415,0.977479478724768,-0.387296791350483,1.16134670156837,0.01307982667742,0.929681897561785,0.032981855704782,0,0.160919540229885,-0.511387222527025,1.14023155502931,-0.165223297855697,0.001229868892616,0,0.038461538461539,-0.350223512703992,0.000246997749911,1.04570142506584,0,-2.51767705773064,-1.52786683852338,0.093191739896785,-0.225298014750945
Negative,Negative,C3.9,2015-04-11T22:34:18.50Z,12320,5415,0.884410931298312,-0.337027786539217,1.0739637706554,-0.00368149493663,0.893711357403021,0.030344772125295,0,0.160919540229885,-0.541263652513493,1.13518199713795,-0.298092323281261,0.001131534005378,0,0.038461538461539,-0.400831995490086,0.000227248900232,0.90030839068491,0,-2.47494720696078,-1.57053415487357,0.120836450117167,-0.242540206702368
Negative,Negative,C3.9,2015-04-11T23:34:18.60Z,12320,5415,0.80800186725255,-0.245923638409416,0.986558769327755,-0.017064544898485,0.853988301747521,0.027918538107077,0,0.160919540229885,-0.550453255388954,1.12035643184255,-0.087463282927239,0.001041061541611,0,0.038461538461539,-0.476960468377815,0.000209079081389,0.827030301356924,0,-2.45584566050908,-1.60798207266786,0.173099258550553,-0.310934234776347
Negative,Negative,C2.2,2015-04-12T00:34:18.60Z,12320,5415,0.77547563942021,-0.363796368524841,0.934990475524229,-0.01549405075541,0.791903880877575,0.129320138902032,0.055555555555556,0.172413793103448,-0.550027977000674,1.12416752755192,-0.241758990812975,0.004640212131346,0.004193548387097,0.038461538461539,-0.452426758086871,0.000192362041048,0.859598341058251,0,-2.46263579730879,-1.65384183667846,0.106348405753987,-0.308963698553328
Negative,Negative,C2.2,2015-04-12T01:34:18.70Z,12320,5415,0.779243891511887,-0.173923059802395,0.947032709693475,-0.007245437471298,0.800313153265655,0.118980271495903,0.055555555555556,0.172413793103448,-0.550594100810629,1.16682718856913,0.211806039361542,0.00426920125414,0.004193548387097,0.038461538461539,-0.459145789297205,0.000176981621453,0.954976171612139,0,-2.4765933007304,-1.7486524648153,0.21069071688443,-0.330475385654627
Negative,Negative,C2.2,2015-04-12T02:34:18.70Z,12320,5415,0.830816793915045,-0.096436241505852,0.999514102746302,0.006297812277238,0.762956682604511,0.109467134240886,0.055555555555556,0.172413793103448,-0.534476648176272,1.19918336235696,0.217780335348572,0.0039278547688,0.004193548387097,0.038461538461539,-0.49428200755308,0.00016283095231,1.01371495750203,0,-2.50574287790086,-1.80849819000482,0.253305854984648,-0.370132427142901
Negative,Negative,C2.2,2015-04-12T03:34:18.70Z,12320,5415,0.90036741977966,-0.028377669308293,1.02004574758639,0.01456586402919,0.77806093904257,0.100714625443805,0.055555555555556,0.172413793103448,-0.503587626857336,1.208380797074,0.216069458424305,0.00361380084151,0.004193548387097,0.038461538461539,-0.551609521549508,0.000149811708201,0.993941504826227,0,-2.60258806134716,-1.88298863541431,0.298252972828256,-0.397145194533464
Negative,Negative,C2.2,2015-04-12T04:34:18.70Z,12320,5415,0.908887119666214,-0.085665916301651,0.979880159191781,0.009600676080054,0.77767685160128,0.092661928611058,0.055555555555556,0.172413793103448,-0.469657341565943,1.17860733146233,0.064153079113767,0.003324857279814,0.004193548387097,0.038461538461539,-0.592540133693194,0.000137833425377,1.00033879833899,0,-2.7531370540275,-1.97587366020042,0.278152740808411,-0.448543347683897
Negative,Negative,C2.2,2015-04-12T05:34:18.80Z,12320,5415,0.873852047625708,-0.292531406498503,0.895821135383071,0.008119665918243,0.765296357013809,0.085253089867385,0.055555555555556,0.172413793103448,-0.457419744051857,1.16850965491515,-0.288803465244594,0.003059016369732,0.004193548387097,0.038461538461539,-0.621388818155913,0.000126812873167,0.953231455199568,0,-2.77107261739237,-2.16392402953008,0.154739741906536,-0.476705594537888
Negative,Negative,C2.2,2015-04-12T06:34:18.80Z,12320,5415,0.844180677093837,-0.213949586421553,0.921033247932195,0.000704895875269,0.719604921202144,0.078436629162379,0.055555555555556,0.172413793103448,-0.529229969255921,1.26091577274749,-0.111042933627512,0.002814430925232,0.004193548387097,0.038461538461539,-0.607519258318067,0.00011667347566,1.00092037047651,0,-2.6954894784704,-2.29663863941269,0.190833054861533,-0.49600042838829
Negative,Negative,C2.2,2015-04-12T07:34:18.80Z,12320,5415,0.885137857938913,-0.042432999853713,0.937992051921031,0.006643682946391,0.727391619170912,0.072165182563198,0.055555555555556,0.172413793103448,-0.525877100368253,1.28371614216888,0.216402262012216,0.00258940145312,0.004193548387097,0.038461538461539,-0.610416455261973,0.000107344779617,1.00266508688908,0,-2.73057185193555,-2.33656957205397,0.2860197268458,-0.520632131176038
Negative,Negative,C2.2,2015-04-12T08:34:18.80Z,12320,5415,0.852840975960261,-0.184075691694572,0.85334995855234,-0.003049074439835,0.687152529150342,0.066395173147976,0.055555555555556,0.172413793103448,-0.476090612003417,1.18672030220013,0.20313158794871,0.002382364344176,0.004193548387097,0.038461538461539,-0.644936248636166,9.8761964925974E-05,0.975912768562992,0,-2.83520168716737,-2.26339664472656,0.221111579082869,-0.558564953469169
Negative,Negative,C2.2,2015-04-12T09:34:18.70Z,12320,5415,0.807673802966188,-0.122132283286052,0.766996638147579,-0.023850245904637,0.677639593734266,0.061086508213142,0.055555555555556,0.172413793103448,-0.452443787481841,1.09985955890261,0.286759006483736,0.002191881008471,0.004193548387097,0.038461538461539,-0.6530114145862,9.08653942079944E-05,0.897400529997292,0,-2.85536633584528,-2.30560789712526,0.275098564028654,-0.568417634584268
Negative,Negative,C2.2,2015-04-12T10:34:18.70Z,12320,5415,0.788247212002957,-0.426127239101813,0.760063448344571,-0.036431291495092,0.650172916908617,0.05620230069071,0.055555555555556,0.172413793103448,-0.470836953132964,1.07714410437807,0.170671485953929,0.002016627879376,0.004193548387097,0.038461538461539,-0.645059533612502,8.36001984240585E-05,1.02650954452755,0,-2.7533771093689,-2.34042077875541,0.072975735832943,-0.554459669671211
Negative,Negative,C2.2,2015-04-12T11:34:18.70Z,12320,5415,0.765109206833528,-0.408708287702735,0.74819418463458,-0.049598172288726,0.648035378717614,0.051708612839805,0.055555555555556,0.172413793103448,-0.518131350027913,1.11805653344997,0.348240838901753,0.001855387216806,0.004193548387097,0.038461538461539,-0.655846969041938,7.69158956219763E-05,0.850293186857873,0,-2.70399429628013,-2.45975751272775,0.039152381883477,-0.565626041601657
Negative,Negative,C2.2,2015-04-12T12:34:18.70Z,12320,5415,0.788239234755872,-0.376913928314733,0.756085127781711,-0.058461108185782,0.616404885651534,0.047574220431493,0.055555555555556,0.172413793103448,-0.532856801185041,1.13735668203858,0.081154806266752,0.001707038645797,0.004193548387097,0.038461538461539,-0.709044436331096,7.07660401632112E-05,0.771199376154649,0,-2.7086239350072,-2.5673886052786,0.103815203172222,-0.597072515494014
Negative,Negative,C2.2,2015-04-12T13:34:18.60Z,12320,5415,0.752029513082131,-0.365334986411155,0.712563809824465,-0.06657767394698,0.574808383076949,0.043770395788339,0.055555555555556,0.172413793103448,-0.53099789090286,1.11191027807729,0.096269748166277,0.001570551371622,0.004193548387097,0.038461538461539,-0.710400571070796,6.51078999976389E-05,0.722347316602658,0,-2.759892897207,-2.58907697986041,0.112287235963361,-0.598057783605524
Negative,Negative,C2.2,2015-04-12T14:34:18.60Z,12320,5415,0.766821323489101,-0.442546650414161,0.709989270288495,-0.071007633738521,0.573092688090304,0.040270708171176,0.055555555555556,0.172413793103448,-0.527139972768619,1.11515071689513,0.225028357348172,0.001444977017349,0.004193548387097,0.038461538461539,-0.746523069137363,5.99021597409908E-05,0.764802082641888,0,-2.87295896300816,-2.67988437997864,0.060742489850487,-0.647485400532938
Negative,Negative,C2.2,2015-04-12T15:34:18.60Z,12320,5415,0.761681982054725,-0.227662377948487,0.716366593600782,-0.064552386685649,0.550094589839744,0.037050840126058,0.055555555555556,0.172413793103448,-0.541206815776958,1.17666004577699,0.411739553882222,0.00132944303408,0.004193548387097,0.038461538461539,-0.755337944945416,5.51126474940467E-05,0.836335455557303,0,-2.95543511959043,-2.77596185242516,0.198972932145488,-0.666533917355463
Negative,Negative,C6.4,2015-04-12T17:34:18.60Z,12320,5415,0.743440012283585,-0.224394218788505,0.782297081442492,-0.041151152574247,0.502099930735891,0.134565793579031,0.111111111111111,0.183908045977011,-0.591497605536572,1.29725359165616,-0.097260254044144,0.003193957282673,0.004193548387097,0.038461538461539,-0.718722306973504,4.66518489140526E-05,0.793880689518073,0,-2.77474203475383,-2.91931795450912,0.183154887514951,-0.57991242921855
Negative,Negative,C6.4,2015-04-12T18:34:18.60Z,12320,5415,0.750619534659895,-0.407882824822121,0.759090297036716,-0.034359418940144,0.475358854230241,0.123806506782551,0.111111111111111,0.183908045977011,-0.554220683455817,1.25218249149203,0.019222498816786,0.002938582558488,0.004193548387097,0.038461538461539,-0.703126757466948,4.29217730255012E-05,0.839243316244922,0,-2.87234167784454,-2.93239178778507,0.082175478614927,-0.586398777619324
Negative,Negative,C6.4,2015-04-12T19:34:18.60Z,12320,5415,0.780715693599031,-0.285888395697372,0.802743010951141,-0.019878095545329,0.445314922524112,0.113907485060053,0.111111111111111,0.183908045977011,-0.517308463767824,1.22603446020509,0.105644838711553,0.002703626469864,0.004193548387097,0.038461538461539,-0.650915569988481,3.9489937538073E-05,0.877045505183962,0,-2.96860386974744,-2.87254606259555,0.155874032289992,-0.556265994542313
Negative,Negative,C6.4,2015-04-12T20:34:18.60Z,12320,5415,0.809749881520004,0.090387908412694,0.885633329312601,-0.022497931805767,0.407033326261797,0.104799945413974,0.111111111111111,0.183908045977011,-0.57404149818647,1.30516578903617,0.340915267528091,0.002487456432842,0.004193548387097,0.038461538461539,-0.68420251359931,3.63324964660029E-05,0.86250620174587,0,-2.84466672634272,-2.84183775652878,0.354984030864518,-0.570388170807288
Negative,Negative,C6.4,2015-04-12T21:34:18.70Z,12320,5415,0.771439152395307,0.159294405065848,0.871291665892727,-0.032211468243822,0.368910286436176,0.096420604431585,0.111111111111111,0.183908045977011,-0.613558734965624,1.3176454004017,0.298107264500295,0.00228857039767,0.004193548387097,0.038461538461539,-0.68457236852832,3.34275104430509E-05,0.887513803659389,0,-2.70492022402555,-2.8397601318609,0.377230180414182,-0.559550221580679
Negative,Negative,C6.4,2015-04-12T22:34:18.70Z,12320,5415,0.671681683288255,0.197670005923779,0.764018671961834,-0.053250928512663,0.331369755401822,0.088711238562463,0.111111111111111,0.183908045977011,-0.629893563188832,1.28036776068555,0.35665898813622,0.002105586411863,0.004193548387097,0.038461538461539,-0.725133125742997,3.0754794278037E-05,0.90030839068491,0,-2.65433713422976,-2.83383130049157,0.402972921340311,-0.583278761932876
Negative,Negative,C4.3,2015-04-13T00:34:18.80Z,12320,5415,0.627414942058878,0.021722873690602,0.693878380835828,-0.058057592405103,0.266200276236808,0.170838292506903,0.111111111111111,0.195402298850575,-0.617863369906311,1.21465082670311,0.017232863331705,0.007365286291835,0.006881720430108,0.038461538461539,-0.675757492720267,2.60333713091382E-05,0.949742022374425,0,-2.63917935410113,-2.90979128530029,0.317599308323494,-0.534918518792932
Positive,Negative,C4.3,2015-04-13T01:34:18.80Z,12320,5415,0.661542602243489,0.15446516644457,0.725884588248916,-0.056926809810409,0.280015603339881,0.157178816825787,0.111111111111111,0.195402298850575,-0.617008326018972,1.21760197917745,0.133316641131104,0.006776390514949,0.006881720430108,0.038461538461539,-0.662750927716776,2.39518578670505E-05,0.950905166649473,0,-2.63526988139827,-2.99629141476559,0.390367550930718,-0.514884733858897
Positive,Negative,C4.3,2015-04-13T02:34:18.80Z,12320,5415,0.735738977379108,0.187657758875243,0.796405209079099,-0.048483811847897,0.305704628480058,0.144611492518611,0.111111111111111,0.195402298850575,-0.612698705399643,1.26963322241201,0.230987233285919,0.006234580244626,0.006881720430108,0.038461538461539,-0.660161943213712,2.20367730505204E-05,0.927642281148525,0,-2.63499553243666,-3.14522163181218,0.404726040863709,-0.514227888451224
Positive,Negative,C4.3,2015-04-13T03:34:18.90Z,12320,5415,0.83153175468502,0.278958445786143,0.89104058090978,-0.007490429195282,0.315847569697282,0.133048995982958,0.111111111111111,0.195402298850575,-0.551595723650082,1.27748641113489,0.268330251080654,0.005736090731627,0.006881720430108,0.038461538461539,-0.594451050826408,2.02748099615724E-05,0.973586480012897,0,-2.77361034528721,-3.20496600945693,0.46102019725774,-0.490417242423068
Positive,Negative,C1.9,2015-04-13T04:34:18.90Z,12320,5415,0.926774101942081,-0.05533717468127,0.919007902435995,0.019744539978568,0.338128000796587,0.223205726137391,0.166666666666667,0.206896551724138,-0.482114059656405,1.28273458353074,0.646646788139934,0.009226300718609,0.006881720430108,0.038461538461539,-0.640189777047214,1.86537256628659E-05,1.00208351475156,0,-2.96867245698784,-3.36585523678694,0.287753551028532,-0.551175442632845
Positive,Negative,C1.9,2015-04-13T05:34:18.90Z,12320,5415,0.872411157371018,-0.115129887285198,0.819102834150806,0.006702333495908,0.342623891386261,0.205359181645989,0.166666666666667,0.206896551724138,-0.469734370300983,1.25712626557122,0.447876364520954,0.008488606443847,0.006881720430108,0.038461538461539,-0.657079818805302,1.71622561081043E-05,1.02825426094013,0,-2.99116907183939,-3.58588075649305,0.26143608459827,-0.553310190207783
Positive,Negative,C1.9,2015-04-13T06:34:18.90Z,12320,5415,0.838113980685855,-0.080707523624221,0.797678620679725,0.001406356447495,0.340201775855897,0.188939568066241,0.166666666666667,0.206896551724138,-0.505040952181878,1.29683621334962,0.170944405855306,0.007809894946648,0.006881720430108,0.038461538461539,-0.675017782862248,1.57900378746993E-05,1.10269549454316,0,-2.80646363343932,-3.66822563662258,0.273432273538254,-0.574903982985041
Positive,Negative,C1.9,2015-04-13T07:34:18.90Z,12320,5415,0.841960010936609,0.05698754641343,0.796221460045231,0.007893777516102,0.320659367226565,0.173832794301822,0.166666666666667,0.206896551724138,-0.517004088086646,1.34457637582229,0.064795631070273,0.007185450224505,0.006881720430108,0.038461538461539,-0.675942420184771,1.45275361534026E-05,0.947415733824331,0,-2.81195061267141,-3.77104272079662,0.344878785309834,-0.556594417246149
Positive,Negative,C1.9,2015-04-13T08:34:18.90Z,12320,5415,0.941210924853777,-0.160917807887416,0.85028473723878,0.058173050314293,0.301053998324591,0.1599338914768,0.166666666666667,0.206896551724138,-0.422227832779759,1.32968028798544,0.390851674891636,0.006610933345653,0.006881720430108,0.038461538461539,-0.644504751218988,1.33659784962636E-05,1.04337513651574,0,-2.95447489822482,-3.78300173108005,0.2281557566647,-0.563819716730555
Positive,Negative,C1.9,2015-04-13T09:34:18.90Z,12320,5415,0.961716438485226,-0.13162229871624,0.832751075937287,0.084264836491551,0.307779607827945,0.147146283563161,0.166666666666667,0.206896551724138,-0.337180880061478,1.24857864570039,0.837254616156729,0.006082352300155,0.006881720430108,0.038461538461539,-0.628539346783424,1.2297293861543E-05,1.02941740521517,0,-2.94847351468973,-3.68930592593574,0.257254508628152,-0.549615434789621
Positive,Negative,C2.3,2015-04-13T10:34:18.90Z,12320,5415,0.939193678497211,-0.399510272747322,0.800652994007267,0.050860164654479,0.330194896215093,0.236456231456201,0.222222222222222,0.218390804597701,-0.381658368522922,1.24391696178701,0.796655422906727,0.007345725144429,0.006881720430108,0.038461538461539,-0.624532585052491,1.13140565323681E-05,1.04163042010317,0,-2.78626469114121,-3.73339210791278,0.089154878981664,-0.549369117761743
Positive,Negative,C1.4,2015-04-13T12:34:18.80Z,12320,5415,0.908506206117916,-0.124378440784321,0.811204192021809,0.108679552098612,0.361165159456174,0.296435130625386,0.277777777777778,0.229885057471264,-0.309703807922132,1.2400231100341,0.455095043514152,0.008235570790758,0.006881720430108,0.038461538461539,-0.52960315327346,9.57714208902885E-06,1.08350361400488,0,-2.7532742285083,-3.63402084026108,0.260050954786151,-0.487707755116415
Positive,Negative,C2.9,2015-04-13T13:34:18.80Z,12320,5415,0.916141428733943,-0.29701249070755,0.805784108788187,0.099788463937788,0.367957546103072,0.374796068502103,0.333333333333333,0.241379310344828,-0.328822389815867,1.28166523152467,0.752579981653446,0.008878932285021,0.006881720430108,0.038461538461539,-0.53749339175899,8.81139608712241E-06,1.0643117334666,0,-2.73513290342222,-3.84213802345615,0.151896435635489,-0.487461438088538
Positive,Negative,C2.9,2015-04-13T14:34:18.80Z,12320,5415,0.910627156686583,-0.385965943032758,0.79700162354098,0.102620112468483,0.332201293631773,0.344829029450389,0.333333333333333,0.241379310344828,-0.33492112121637,1.32677375181283,0.883003357320976,0.008169012056706,0.006881720430108,0.038461538461539,-0.513637748837896,8.10687575504365E-06,1.09804291744297,0,-2.83369276787855,-3.97733564818575,0.096524320877585,-0.497806753259392
Positive,Negative,C2.9,2015-04-13T15:34:18.70Z,12320,5415,0.947701412513138,-0.229453688553357,0.79085783601196,0.109801956043375,0.327206840732621,0.317258022547881,0.333333333333333,0.241379310344828,-0.369015684619062,1.42526207903634,0.890122329976096,0.007515853915812,0.006881720430108,0.038461538461539,-0.572136470109519,7.45868575852178E-06,1.05675129567879,0,-2.88787668779539,-4.16964261439595,0.185176763569059,-0.496903590823841
Positive,Negative,C2.9,2015-04-13T16:34:18.70Z,12320,5415,0.945489720758881,-0.256896117788461,0.851386718176525,0.127448063090143,0.342462924727208,0.291891471641522,0.277777777777778,0.241379310344828,-0.406093927405879,1.50068809597022,0.606857671459516,0.006914919416413,0.006881720430108,0.038461538461539,-0.496254567174463,6.86232217260324E-06,1.08873776324259,0,-2.74885035150243,-4.1766862687578,0.161366313186802,-0.434339065742962
Positive,Negative,C2.9,2015-04-13T17:34:18.70Z,12320,5415,0.826441273889039,-0.314706596400166,0.766035291945252,0.110474258913841,0.315567612087875,0.268553118161715,0.277777777777778,0.241379310344828,-0.430606265739944,1.49439647780802,0.652832174121995,0.006362032986682,0.006881720430108,0.038461538461539,-0.503343453313806,6.31364118629058E-06,1.08815619110507,0,-2.62237548020287,-4.16411917320572,0.130040327615008,-0.451663363370345
Positive,Negative,C2.9,2015-04-13T18:34:18.70Z,12320,5415,0.944913364657005,-0.175675062651045,0.811451072706977,0.161014610443883,0.352947178108379,0.247080796395975,0.277777777777778,0.241379310344828,-0.320289899385602,1.43513955254593,1.11072604628681,0.005853352915085,0.006881720430108,0.038461538461539,-0.487871188783587,5.80883030942029E-06,1.0520987185786,0,-2.72806841766091,-4.1159284156653,0.212895898674868,-0.464964482875729
Positive,Negative,C2.9,2015-04-13T19:34:18.80Z,12320,5415,0.959146767768038,-0.067101424578455,0.905027577898363,0.203845598599374,0.33453905960562,0.227325306686282,0.277777777777778,0.241379310344828,-0.298247466251463,1.48204567802329,0.945704421596818,0.005385344656378,0.006881720430108,0.038461538461539,-0.399229290797713,5.34438188171167E-06,1.03174369376527,0,-2.73026320935374,-4.03241803877086,0.266441847262565,-0.394846235606607
